,Country,Date,Cumulative,New Cases
0,Guinea,29-08-14,482,482
1,Guinea,05-09-14,604,122
2,Guinea,08-09-14,664,60
3,Guinea,12-09-14,678,14
4,Guinea,16-09-14,743,65
5,Guinea,18-09-14,750,7
6,Guinea,22-09-14,818,68
7,Guinea,24-09-14,832,14
8,Guinea,26-09-14,876,44
9,Guinea,01-10-14,950,74
10,Guinea,03-10-14,977,27
11,Guinea,08-10-14,1044,67
12,Guinea,10-10-14,1097,53
13,Guinea,15-10-14,1184,87
14,Guinea,17-10-14,1217,33
15,Guinea,22-10-14,1289,72
16,Guinea,25-10-14,1312,23
17,Guinea,29-10-14,1391,79
18,Guinea,31-10-14,1409,18
19,Guinea,05-11-14,1457,48
20,Guinea,07-11-14,1479,22
21,Guinea,12-11-14,1612,133
22,Guinea,14-11-14,1647,35
23,Guinea,19-11-14,1698,51
24,Guinea,21-11-14,1745,47
25,Guinea,26-11-14,1850,105
26,Guinea,01-12-14,1921,71
27,Guinea,03-12-14,1929,8
28,Guinea,10-12-14,2051,122
29,Guinea,15-12-14,2115,64
30,Guinea,17-12-14,2127,12
31,Guinea,22-12-14,2259,132
32,Guinea,23-12-14,2284,25
33,Guinea,24-12-14,2284,0
34,Guinea,26-12-14,2342,58
35,Guinea,29-12-14,2384,42
36,Guinea,30-12-14,2397,13
37,Guinea,31-12-14,2397,0
38,Guinea,02-01-15,2435,38
39,Guinea,05-01-15,2465,30
40,Guinea,06-01-15,2471,6
41,Guinea,07-01-15,2471,0
42,Guinea,08-01-15,2477,6
43,Guinea,09-01-15,2493,16
44,Guinea,12-01-15,2508,15
45,Guinea,13-01-15,2508,0
46,Guinea,14-01-15,2514,6
47,Guinea,15-01-15,2522,8
48,Guinea,16-01-15,2525,3
49,Guinea,19-01-15,2539,14
50,Guinea,20-01-15,2539,0
51,Guinea,21-01-15,2539,0
52,Guinea,22-01-15,2542,3
53,Guinea,23-01-15,2545,3
54,Guinea,26-01-15,2559,14
55,Guinea,27-01-15,2569,10
56,Guinea,28-01-15,2569,0
57,Guinea,29-01-15,2571,2
58,Guinea,30-01-15,2575,4
59,Guinea,02-02-15,2593,18
60,Guinea,03-02-15,2608,15
61,Guinea,04-02-15,2608,0
62,Guinea,05-02-15,2621,13
63,Guinea,06-02-15,2628,7
64,Guinea,10-02-15,2674,46
65,Guinea,11-02-15,2674,0
66,Guinea,12-02-15,2685,11
67,Guinea,13-02-15,2693,8
68,Guinea,16-02-15,2720,27
69,Guinea,17-02-15,2727,7
70,Guinea,18-02-15,2727,0
71,Guinea,19-02-15,2732,5
72,Guinea,20-02-15,2734,2
73,Guinea,23-02-15,2758,24
74,Guinea,25-02-15,2762,4
75,Guinea,26-02-15,2781,19
76,Guinea,27-02-15,2790,9
77,Guinea,02-03-15,2808,18
78,Guinea,04-03-15,2808,0
79,Guinea,05-03-15,2833,25
80,Guinea,06-03-15,2840,7
81,Guinea,10-03-15,2871,31
82,Guinea,11-03-15,2871,0
83,Guinea,12-03-15,2901,30
84,Guinea,13-03-15,2911,10
85,Guinea,16-03-15,2957,46
86,Guinea,17-03-15,2966,9
87,Guinea,18-03-15,2966,0
88,Guinea,20-03-15,2988,22
89,Guinea,23-03-15,3007,19
90,Guinea,24-03-15,3011,4
91,Guinea,25-03-15,3011,0
92,Guinea,26-03-15,3032,21
93,Guinea,27-03-15,3042,10
94,Guinea,07-04-15,3089,47
95,Guinea,09-04-15,3093,4
96,Guinea,13-04-15,3112,19
97,Guinea,14-04-15,3117,5
98,Guinea,15-04-15,3117,0
99,Guinea,16-04-15,3124,7
100,Guinea,17-04-15,3126,2
101,Guinea,20-04-15,3133,7
102,Guinea,21-04-15,3136,3
103,Guinea,22-04-15,3136,0
104,Guinea,23-04-15,3144,8
105,Guinea,24-04-15,3145,1
106,Guinea,27-04-15,3154,9
107,Guinea,28-04-15,3158,4
108,Guinea,30-04-15,3159,1
109,Guinea,01-05-15,3161,2
110,Guinea,04-05-15,3163,2
111,Guinea,05-05-15,3167,4
112,Guinea,06-05-15,3167,0
113,Guinea,07-05-15,3170,3
114,Guinea,08-05-15,3170,0
115,Guinea,11-05-15,3173,3
116,Guinea,12-05-15,3174,1
117,Guinea,13-05-15,3173,-1
118,Guinea,14-05-15,3187,14
119,Guinea,15-05-15,3189,2
120,Guinea,18-05-15,3195,6
121,Guinea,19-05-15,3201,6
122,Guinea,20-05-15,3201,0
123,Guinea,21-05-15,3204,3
124,Guinea,22-05-15,3205,1
125,Guinea,25-05-15,3208,3
126,Guinea,26-05-15,3210,2
127,Guinea,27-05-15,3210,0
128,Guinea,28-05-15,3214,4
129,Guinea,29-05-15,3216,2
130,Guinea,01-06-15,3220,4
131,Guinea,02-06-15,3223,3
132,Guinea,03-06-15,3223,0
133,Guinea,04-06-15,3227,4
134,Guinea,05-06-15,3228,1
135,Guinea,08-06-15,3237,9
136,Guinea,09-06-15,3239,2
137,Guinea,10-06-15,3239,0
138,Guinea,11-06-15,3243,4
139,Guinea,12-06-15,3243,0
140,Guinea,15-06-15,3249,6
141,Guinea,16-06-15,3249,0
142,Guinea,17-06-15,3245,-4
143,Guinea,18-06-15,3246,1
144,Guinea,19-06-15,3247,1
145,Guinea,22-06-15,3254,7
146,Guinea,23-06-15,3257,3
147,Guinea,24-06-15,3257,0
148,Guinea,25-06-15,3264,7
149,Guinea,26-06-15,3266,2
150,Guinea,29-06-15,3268,2
151,Guinea,30-06-15,3269,1
152,Guinea,01-07-15,3269,0
153,Guinea,02-07-15,3277,8
154,Guinea,03-07-15,3279,2
155,Guinea,06-07-15,3287,8
156,Guinea,07-07-15,3287,0
157,Guinea,08-07-15,3287,0
158,Guinea,09-07-15,3290,3
159,Guinea,10-07-15,3293,3
160,Guinea,13-07-15,3299,6
161,Guinea,14-07-15,3300,1
162,Guinea,15-07-15,3300,0
163,Guinea,16-07-15,3304,4
164,Guinea,17-07-15,3310,6
165,Guinea,20-07-15,3322,12
166,Guinea,21-07-15,3322,0
167,Guinea,22-07-15,3322,0
168,Guinea,23-07-15,3325,3
169,Guinea,24-07-15,3325,0
170,Guinea,27-07-15,3325,0
171,Guinea,28-07-15,3326,1
172,Guinea,29-07-15,3326,0
173,Guinea,30-07-15,3326,0
174,Guinea,31-07-15,3326,0
175,Guinea,03-08-15,3327,1
176,Guinea,04-08-15,3327,0
177,Guinea,05-08-15,3327,0
178,Guinea,06-08-15,3329,2
179,Guinea,07-08-15,3329,0
180,Guinea,10-08-15,3329,0
181,Guinea,11-08-15,3329,0
182,Guinea,12-08-15,3329,0
183,Guinea,13-08-15,3330,1
184,Guinea,14-08-15,3330,0
185,Guinea,17-08-15,3332,2
186,Guinea,18-08-15,3332,0
187,Guinea,19-08-15,3332,0
188,Guinea,20-08-15,3334,2
189,Guinea,21-08-15,3334,0
190,Guinea,24-08-15,3334,0
191,Guinea,25-08-15,3335,1
192,Guinea,26-08-15,3335,0
193,Guinea,27-08-15,3336,1
194,Guinea,28-08-15,3336,0
195,Guinea,31-08-15,3337,1
196,Guinea,01-09-15,3337,0
197,Guinea,02-09-15,3337,0
198,Guinea,03-09-15,3338,1
199,Guinea,04-09-15,3338,0
200,Guinea,07-09-15,3338,0
201,Guinea,08-09-15,3338,0
202,Guinea,09-09-15,3338,0
203,Guinea,10-09-15,3338,0
204,Guinea,11-09-15,3338,0
205,Guinea,14-09-15,3338,0
206,Guinea,15-09-15,3338,0
207,Guinea,16-09-15,3338,0
208,Guinea,17-09-15,3338,0
209,Guinea,18-09-15,3339,1
210,Guinea,21-09-15,3340,1
211,Guinea,22-09-15,3340,0
212,Guinea,23-09-15,3340,0
213,Guinea,24-09-15,3340,0
214,Guinea,25-09-15,3340,0
215,Guinea,28-09-15,3342,2
216,Guinea,29-09-15,3344,2
217,Guinea,30-09-15,3344,0
218,Guinea,01-10-15,3344,0
219,Guinea,02-10-15,3344,0
220,Guinea,05-10-15,3344,0
221,Guinea,06-10-15,3344,0
222,Guinea,07-10-15,3344,0
223,Guinea,08-10-15,3344,0
224,Guinea,09-10-15,3344,0
225,Guinea,13-10-15,3344,0
226,Guinea,15-10-15,3345,1
227,Guinea,16-10-15,3346,1
228,Guinea,20-10-15,3347,1
229,Guinea,22-10-15,3347,0
230,Guinea,23-10-15,3347,0
231,Guinea,26-10-15,3350,3
232,Guinea,27-10-15,3350,0
233,Guinea,29-10-15,3350,0
234,Guinea,30-10-15,3350,0
235,Guinea,03-11-15,3351,1
236,Guinea,05-11-15,3351,0
237,Guinea,06-11-15,3351,0
238,Guinea,10-11-15,3351,0
239,Guinea,11-11-15,3351,0
240,Guinea,12-11-15,3351,0
241,Guinea,16-11-15,3351,0
242,Guinea,17-11-15,3351,0
243,Guinea,20-11-15,3351,0
244,Guinea,24-11-15,3351,0
245,Guinea,26-11-15,3351,0
246,Guinea,01-12-15,3351,0
247,Guinea,02-12-15,3351,0
248,Guinea,03-12-15,3351,0
249,Guinea,09-12-15,3351,0
250,Guinea,10-12-15,3351,0
251,Guinea,11-12-15,3351,0
252,Guinea,15-12-15,3351,0
253,Guinea,16-12-15,3351,0
254,Guinea,17-12-15,3351,0
255,Guinea,22-12-15,3351,0
256,Guinea,23-12-15,3351,0
257,Guinea,29-12-15,3351,0
258,Guinea,23-03-16,3351,0
259,Italy,14-05-15,1,1
260,Italy,15-05-15,1,0
261,Italy,18-05-15,1,0
262,Italy,19-05-15,1,0
263,Italy,20-05-15,1,0
264,Italy,21-05-15,1,0
265,Italy,22-05-15,1,0
266,Italy,25-05-15,1,0
267,Italy,26-05-15,1,0
268,Italy,27-05-15,1,0
269,Italy,28-05-15,1,0
270,Italy,29-05-15,1,0
271,Italy,01-06-15,1,0
272,Italy,02-06-15,1,0
273,Italy,03-06-15,1,0
274,Italy,04-06-15,1,0
275,Italy,05-06-15,1,0
276,Italy,08-06-15,1,0
277,Italy,09-06-15,1,0
278,Italy,10-06-15,1,0
279,Italy,11-06-15,1,0
280,Italy,12-06-15,1,0
281,Italy,15-06-15,1,0
282,Italy,16-06-15,1,0
283,Italy,17-06-15,1,0
284,Italy,18-06-15,1,0
285,Italy,19-06-15,1,0
286,Italy,22-06-15,1,0
287,Italy,23-06-15,1,0
288,Italy,24-06-15,1,0
289,Italy,25-06-15,1,0
290,Italy,26-06-15,1,0
291,Italy,29-06-15,1,0
292,Italy,30-06-15,1,0
293,Italy,01-07-15,1,0
294,Italy,02-07-15,1,0
295,Italy,03-07-15,1,0
296,Italy,06-07-15,1,0
297,Italy,07-07-15,1,0
298,Italy,08-07-15,1,0
299,Italy,09-07-15,1,0
300,Italy,10-07-15,1,0
301,Italy,13-07-15,1,0
302,Italy,14-07-15,1,0
303,Italy,15-07-15,1,0
304,Italy,16-07-15,1,0
305,Italy,17-07-15,1,0
306,Italy,20-07-15,1,0
307,Italy,21-07-15,1,0
308,Italy,22-07-15,1,0
309,Italy,23-07-15,1,0
310,Italy,24-07-15,1,0
311,Italy,27-07-15,1,0
312,Italy,28-07-15,1,0
313,Italy,29-07-15,1,0
314,Italy,30-07-15,1,0
315,Italy,31-07-15,1,0
316,Italy,03-08-15,1,0
317,Italy,04-08-15,1,0
318,Italy,05-08-15,1,0
319,Italy,06-08-15,1,0
320,Italy,07-08-15,1,0
321,Italy,10-08-15,1,0
322,Italy,11-08-15,1,0
323,Italy,12-08-15,1,0
324,Italy,13-08-15,1,0
325,Italy,14-08-15,1,0
326,Italy,17-08-15,1,0
327,Italy,18-08-15,1,0
328,Italy,19-08-15,1,0
329,Italy,20-08-15,1,0
330,Italy,21-08-15,1,0
331,Italy,24-08-15,1,0
332,Italy,25-08-15,1,0
333,Italy,26-08-15,1,0
334,Italy,27-08-15,1,0
335,Italy,28-08-15,1,0
336,Italy,31-08-15,1,0
337,Italy,01-09-15,1,0
338,Italy,02-09-15,1,0
339,Italy,03-09-15,1,0
340,Italy,04-09-15,1,0
341,Italy,07-09-15,1,0
342,Italy,08-09-15,1,0
343,Italy,09-09-15,1,0
344,Italy,10-09-15,1,0
345,Italy,11-09-15,1,0
346,Italy,14-09-15,1,0
347,Italy,15-09-15,1,0
348,Italy,16-09-15,1,0
349,Italy,17-09-15,1,0
350,Italy,18-09-15,1,0
351,Italy,21-09-15,1,0
352,Italy,22-09-15,1,0
353,Italy,23-09-15,1,0
354,Italy,24-09-15,1,0
355,Italy,25-09-15,1,0
356,Italy,28-09-15,1,0
357,Italy,29-09-15,1,0
358,Italy,30-09-15,1,0
359,Italy,01-10-15,1,0
360,Italy,02-10-15,1,0
361,Italy,05-10-15,1,0
362,Italy,06-10-15,1,0
363,Italy,07-10-15,1,0
364,Italy,08-10-15,1,0
365,Italy,09-10-15,1,0
366,Italy,13-10-15,1,0
367,Italy,15-10-15,1,0
368,Italy,16-10-15,1,0
369,Italy,20-10-15,1,0
370,Italy,22-10-15,1,0
371,Italy,23-10-15,1,0
372,Italy,26-10-15,1,0
373,Italy,27-10-15,1,0
374,Italy,29-10-15,1,0
375,Italy,30-10-15,1,0
376,Italy,03-11-15,1,0
377,Italy,05-11-15,1,0
378,Italy,06-11-15,1,0
379,Italy,10-11-15,1,0
380,Italy,11-11-15,1,0
381,Italy,12-11-15,1,0
382,Italy,16-11-15,1,0
383,Italy,17-11-15,1,0
384,Italy,20-11-15,1,0
385,Italy,24-11-15,1,0
386,Italy,26-11-15,1,0
387,Italy,01-12-15,1,0
388,Italy,02-12-15,1,0
389,Italy,03-12-15,1,0
390,Italy,09-12-15,1,0
391,Italy,10-12-15,1,0
392,Italy,11-12-15,1,0
393,Italy,15-12-15,1,0
394,Italy,16-12-15,1,0
395,Italy,17-12-15,1,0
396,Italy,22-12-15,1,0
397,Italy,23-12-15,1,0
398,Italy,29-12-15,1,0
399,Italy,23-03-16,1,0
400,Liberia,29-08-14,322,322
401,Liberia,05-09-14,614,292
402,Liberia,08-09-14,634,20
403,Liberia,12-09-14,654,20
404,Liberia,16-09-14,790,136
405,Liberia,18-09-14,812,22
406,Liberia,22-09-14,863,51
407,Liberia,24-09-14,890,27
408,Liberia,26-09-14,914,24
409,Liberia,01-10-14,927,13
410,Liberia,03-10-14,931,4
411,Liberia,08-10-14,941,10
412,Liberia,10-10-14,943,2
413,Liberia,15-10-14,950,7
414,Liberia,22-10-14,965,15
415,Liberia,25-10-14,965,0
416,Liberia,29-10-14,2515,1550
417,Liberia,31-10-14,2515,0
418,Liberia,05-11-14,2451,-64
419,Liberia,07-11-14,2514,63
420,Liberia,12-11-14,2553,39
421,Liberia,14-11-14,2562,9
422,Liberia,19-11-14,2643,81
423,Liberia,21-11-14,2669,26
424,Liberia,26-11-14,2727,58
425,Liberia,01-12-14,2801,74
426,Liberia,03-12-14,2801,0
427,Liberia,10-12-14,2830,29
428,Liberia,15-12-14,2946,116
429,Liberia,17-12-14,2946,0
430,Liberia,22-12-14,3085,139
431,Liberia,23-12-14,3085,0
432,Liberia,24-12-14,3085,0
433,Liberia,26-12-14,3085,0
434,Liberia,29-12-14,3108,23
435,Liberia,30-12-14,3108,0
436,Liberia,31-12-14,3110,2
437,Liberia,02-01-15,3110,0
438,Liberia,05-01-15,3116,6
439,Liberia,06-01-15,3118,2
440,Liberia,07-01-15,3118,0
441,Liberia,08-01-15,3118,0
442,Liberia,09-01-15,3123,5
443,Liberia,12-01-15,3123,0
444,Liberia,13-01-15,3123,0
445,Liberia,14-01-15,3127,4
446,Liberia,15-01-15,3127,0
447,Liberia,16-01-15,3127,0
448,Liberia,19-01-15,3131,4
449,Liberia,20-01-15,3135,4
450,Liberia,21-01-15,3135,0
451,Liberia,22-01-15,3136,1
452,Liberia,23-01-15,3136,0
453,Liberia,26-01-15,3136,0
454,Liberia,27-01-15,3138,2
455,Liberia,28-01-15,3138,0
456,Liberia,29-01-15,3138,0
457,Liberia,30-01-15,3138,0
458,Liberia,02-02-15,3138,0
459,Liberia,03-02-15,3143,5
460,Liberia,04-02-15,3143,0
461,Liberia,05-02-15,3143,0
462,Liberia,06-02-15,3143,0
463,Liberia,10-02-15,3146,3
464,Liberia,11-02-15,3146,0
465,Liberia,12-02-15,3146,0
466,Liberia,13-02-15,3147,1
467,Liberia,16-02-15,3149,2
468,Liberia,17-02-15,3149,0
469,Liberia,18-02-15,3149,0
470,Liberia,19-02-15,3152,3
471,Liberia,20-02-15,3152,0
472,Liberia,23-02-15,3153,1
473,Liberia,25-02-15,3153,0
474,Liberia,26-02-15,3153,0
475,Liberia,27-02-15,3153,0
476,Liberia,02-03-15,3153,0
477,Liberia,04-03-15,3153,0
478,Liberia,05-03-15,3150,-3
479,Liberia,06-03-15,3150,0
480,Liberia,10-03-15,3150,0
481,Liberia,11-03-15,3150,0
482,Liberia,12-03-15,3150,0
483,Liberia,13-03-15,3150,0
484,Liberia,16-03-15,3150,0
485,Liberia,17-03-15,3150,0
486,Liberia,18-03-15,3150,0
487,Liberia,20-03-15,3150,0
488,Liberia,23-03-15,3151,1
489,Liberia,24-03-15,3151,0
490,Liberia,25-03-15,3151,0
491,Liberia,26-03-15,3151,0
492,Liberia,27-03-15,3151,0
493,Liberia,07-04-15,3151,0
494,Liberia,09-04-15,3151,0
495,Liberia,13-04-15,3151,0
496,Liberia,14-04-15,3151,0
497,Liberia,15-04-15,3151,0
498,Liberia,16-04-15,3151,0
499,Liberia,17-04-15,3151,0
500,Liberia,20-04-15,3151,0
501,Liberia,21-04-15,3151,0
502,Liberia,22-04-15,3151,0
503,Liberia,23-04-15,3151,0
504,Liberia,24-04-15,3151,0
505,Liberia,27-04-15,3151,0
506,Liberia,28-04-15,3151,0
507,Liberia,30-04-15,3151,0
508,Liberia,01-05-15,3151,0
509,Liberia,04-05-15,3151,0
510,Liberia,05-05-15,3151,0
511,Liberia,06-05-15,3151,0
512,Liberia,07-05-15,3151,0
513,Liberia,08-05-15,3151,0
514,Liberia,11-05-15,3151,0
515,Liberia,12-05-15,3151,0
516,Liberia,13-05-15,3151,0
517,Liberia,14-05-15,3151,0
518,Liberia,15-05-15,3151,0
519,Liberia,18-05-15,3151,0
520,Liberia,19-05-15,3151,0
521,Liberia,20-05-15,3151,0
522,Liberia,21-05-15,3151,0
523,Liberia,22-05-15,3151,0
524,Liberia,25-05-15,3151,0
525,Liberia,26-05-15,3151,0
526,Liberia,27-05-15,3151,0
527,Liberia,28-05-15,3151,0
528,Liberia,29-05-15,3151,0
529,Liberia,01-06-15,3151,0
530,Liberia,02-06-15,3151,0
531,Liberia,03-06-15,3151,0
532,Liberia,04-06-15,3151,0
533,Liberia,05-06-15,3151,0
534,Liberia,08-06-15,3151,0
535,Liberia,09-06-15,3151,0
536,Liberia,10-06-15,3151,0
537,Liberia,11-06-15,3151,0
538,Liberia,12-06-15,3151,0
539,Liberia,15-06-15,3151,0
540,Liberia,16-06-15,3151,0
541,Liberia,17-06-15,3151,0
542,Liberia,18-06-15,3151,0
543,Liberia,19-06-15,3151,0
544,Liberia,22-06-15,3151,0
545,Liberia,23-06-15,3151,0
546,Liberia,24-06-15,3151,0
547,Liberia,25-06-15,3151,0
548,Liberia,26-06-15,3151,0
549,Liberia,29-06-15,3151,0
550,Liberia,30-06-15,3151,0
551,Liberia,01-07-15,3151,0
552,Liberia,02-07-15,3151,0
553,Liberia,03-07-15,3151,0
554,Liberia,06-07-15,3151,0
555,Liberia,07-07-15,3151,0
556,Liberia,08-07-15,3151,0
557,Liberia,09-07-15,3151,0
558,Liberia,10-07-15,3151,0
559,Liberia,13-07-15,3151,0
560,Liberia,14-07-15,3151,0
561,Liberia,15-07-15,3151,0
562,Liberia,16-07-15,3151,0
563,Liberia,17-07-15,3151,0
564,Liberia,20-07-15,3151,0
565,Liberia,21-07-15,3151,0
566,Liberia,22-07-15,3151,0
567,Liberia,23-07-15,3151,0
568,Liberia,24-07-15,3151,0
569,Liberia,27-07-15,3151,0
570,Liberia,28-07-15,3151,0
571,Liberia,29-07-15,3151,0
572,Liberia,30-07-15,3151,0
573,Liberia,31-07-15,3151,0
574,Liberia,03-08-15,3151,0
575,Liberia,04-08-15,3151,0
576,Liberia,05-08-15,3151,0
577,Liberia,06-08-15,3151,0
578,Liberia,07-08-15,3151,0
579,Liberia,10-08-15,3151,0
580,Liberia,11-08-15,3151,0
581,Liberia,12-08-15,3151,0
582,Liberia,13-08-15,3151,0
583,Liberia,14-08-15,3151,0
584,Liberia,17-08-15,3151,0
585,Liberia,18-08-15,3151,0
586,Liberia,19-08-15,3151,0
587,Liberia,20-08-15,3151,0
588,Liberia,21-08-15,3151,0
589,Liberia,24-08-15,3151,0
590,Liberia,25-08-15,3151,0
591,Liberia,26-08-15,3151,0
592,Liberia,27-08-15,3151,0
593,Liberia,28-08-15,3151,0
594,Liberia,31-08-15,3151,0
595,Liberia,01-09-15,3151,0
596,Liberia,02-09-15,3151,0
597,Liberia,03-09-15,3151,0
598,Liberia,04-09-15,3151,0
599,Liberia,07-09-15,3151,0
600,Liberia,08-09-15,3151,0
601,Liberia,09-09-15,3151,0
602,Liberia,10-09-15,3151,0
603,Liberia,11-09-15,3151,0
604,Liberia,14-09-15,3151,0
605,Liberia,15-09-15,3151,0
606,Liberia,16-09-15,3151,0
607,Liberia,17-09-15,3151,0
608,Liberia,18-09-15,3151,0
609,Liberia,21-09-15,3151,0
610,Liberia,22-09-15,3151,0
611,Liberia,23-09-15,3151,0
612,Liberia,24-09-15,3151,0
613,Liberia,25-09-15,3151,0
614,Liberia,28-09-15,3151,0
615,Liberia,29-09-15,3151,0
616,Liberia,30-09-15,3151,0
617,Liberia,01-10-15,3151,0
618,Liberia,02-10-15,3151,0
619,Liberia,05-10-15,3151,0
620,Liberia,06-10-15,3151,0
621,Liberia,07-10-15,3151,0
622,Liberia,08-10-15,3151,0
623,Liberia,09-10-15,3151,0
624,Liberia,13-10-15,3151,0
625,Liberia,15-10-15,3151,0
626,Liberia,16-10-15,3151,0
627,Liberia,20-10-15,3151,0
628,Liberia,22-10-15,3151,0
629,Liberia,23-10-15,3151,0
630,Liberia,26-10-15,3151,0
631,Liberia,27-10-15,3151,0
632,Liberia,29-10-15,3151,0
633,Liberia,30-10-15,3151,0
634,Liberia,03-11-15,3151,0
635,Liberia,05-11-15,3151,0
636,Liberia,06-11-15,3151,0
637,Liberia,10-11-15,3151,0
638,Liberia,11-11-15,3151,0
639,Liberia,12-11-15,3151,0
640,Liberia,16-11-15,3151,0
641,Liberia,17-11-15,3151,0
642,Liberia,20-11-15,3151,0
643,Liberia,24-11-15,3151,0
644,Liberia,26-11-15,3151,0
645,Liberia,01-12-15,3151,0
646,Liberia,02-12-15,3151,0
647,Liberia,03-12-15,3151,0
648,Liberia,09-12-15,3151,0
649,Liberia,10-12-15,3151,0
650,Liberia,11-12-15,3151,0
651,Liberia,15-12-15,3151,0
652,Liberia,16-12-15,3151,0
653,Liberia,17-12-15,3151,0
654,Liberia,22-12-15,3151,0
655,Liberia,23-12-15,3151,0
656,Liberia,29-12-15,3151,0
657,Liberia,23-03-16,3151,0
658,Mali,25-10-14,1,1
659,Mali,29-10-14,1,0
660,Mali,31-10-14,1,0
661,Mali,05-11-14,1,0
662,Mali,07-11-14,1,0
663,Mali,12-11-14,2,1
664,Mali,14-11-14,3,1
665,Mali,19-11-14,5,2
666,Mali,21-11-14,5,0
667,Mali,26-11-14,7,2
668,Mali,01-12-14,7,0
669,Mali,03-12-14,7,0
670,Mali,10-12-14,7,0
671,Mali,15-12-14,7,0
672,Mali,17-12-14,7,0
673,Mali,22-12-14,7,0
674,Mali,23-12-14,7,0
675,Mali,24-12-14,7,0
676,Mali,26-12-14,7,0
677,Mali,29-12-14,7,0
678,Mali,30-12-14,7,0
679,Mali,31-12-14,7,0
680,Mali,02-01-15,7,0
681,Mali,05-01-15,7,0
682,Mali,06-01-15,7,0
683,Mali,07-01-15,7,0
684,Mali,08-01-15,7,0
685,Mali,09-01-15,7,0
686,Mali,12-01-15,7,0
687,Mali,13-01-15,7,0
688,Mali,14-01-15,7,0
689,Mali,15-01-15,7,0
690,Mali,16-01-15,7,0
691,Mali,19-01-15,7,0
692,Mali,20-01-15,7,0
693,Mali,21-01-15,7,0
694,Mali,22-01-15,7,0
695,Mali,23-01-15,7,0
696,Mali,26-01-15,7,0
697,Mali,27-01-15,7,0
698,Mali,28-01-15,7,0
699,Mali,29-01-15,7,0
700,Mali,30-01-15,7,0
701,Mali,02-02-15,7,0
702,Mali,03-02-15,7,0
703,Mali,04-02-15,7,0
704,Mali,05-02-15,7,0
705,Mali,06-02-15,7,0
706,Mali,10-02-15,7,0
707,Mali,11-02-15,7,0
708,Mali,12-02-15,7,0
709,Mali,13-02-15,7,0
710,Mali,16-02-15,7,0
711,Mali,17-02-15,7,0
712,Mali,18-02-15,7,0
713,Mali,19-02-15,7,0
714,Mali,20-02-15,7,0
715,Mali,23-02-15,7,0
716,Mali,25-02-15,7,0
717,Mali,26-02-15,7,0
718,Mali,27-02-15,7,0
719,Mali,02-03-15,7,0
720,Mali,04-03-15,7,0
721,Mali,05-03-15,7,0
722,Mali,06-03-15,7,0
723,Mali,10-03-15,7,0
724,Mali,11-03-15,7,0
725,Mali,12-03-15,7,0
726,Mali,13-03-15,7,0
727,Mali,16-03-15,7,0
728,Mali,17-03-15,7,0
729,Mali,18-03-15,7,0
730,Mali,20-03-15,7,0
731,Mali,23-03-15,7,0
732,Mali,24-03-15,7,0
733,Mali,25-03-15,7,0
734,Mali,26-03-15,7,0
735,Mali,27-03-15,7,0
736,Mali,07-04-15,7,0
737,Mali,09-04-15,7,0
738,Mali,13-04-15,7,0
739,Mali,14-04-15,7,0
740,Mali,15-04-15,7,0
741,Mali,16-04-15,7,0
742,Mali,17-04-15,7,0
743,Mali,20-04-15,7,0
744,Mali,21-04-15,7,0
745,Mali,22-04-15,7,0
746,Mali,23-04-15,7,0
747,Mali,24-04-15,7,0
748,Mali,27-04-15,7,0
749,Mali,28-04-15,7,0
750,Mali,30-04-15,7,0
751,Mali,01-05-15,7,0
752,Mali,04-05-15,7,0
753,Mali,05-05-15,7,0
754,Mali,06-05-15,7,0
755,Mali,07-05-15,7,0
756,Mali,08-05-15,7,0
757,Mali,11-05-15,7,0
758,Mali,12-05-15,7,0
759,Mali,13-05-15,7,0
760,Mali,14-05-15,7,0
761,Mali,15-05-15,7,0
762,Mali,18-05-15,7,0
763,Mali,19-05-15,7,0
764,Mali,20-05-15,7,0
765,Mali,21-05-15,7,0
766,Mali,22-05-15,7,0
767,Mali,25-05-15,7,0
768,Mali,26-05-15,7,0
769,Mali,27-05-15,7,0
770,Mali,28-05-15,7,0
771,Mali,29-05-15,7,0
772,Mali,01-06-15,7,0
773,Mali,02-06-15,7,0
774,Mali,03-06-15,7,0
775,Mali,04-06-15,7,0
776,Mali,05-06-15,7,0
777,Mali,08-06-15,7,0
778,Mali,09-06-15,7,0
779,Mali,10-06-15,7,0
780,Mali,11-06-15,7,0
781,Mali,12-06-15,7,0
782,Mali,15-06-15,7,0
783,Mali,16-06-15,7,0
784,Mali,17-06-15,7,0
785,Mali,18-06-15,7,0
786,Mali,19-06-15,7,0
787,Mali,22-06-15,7,0
788,Mali,23-06-15,7,0
789,Mali,24-06-15,7,0
790,Mali,25-06-15,7,0
791,Mali,26-06-15,7,0
792,Mali,29-06-15,7,0
793,Mali,30-06-15,7,0
794,Mali,01-07-15,7,0
795,Mali,02-07-15,7,0
796,Mali,03-07-15,7,0
797,Mali,06-07-15,7,0
798,Mali,07-07-15,7,0
799,Mali,08-07-15,7,0
800,Mali,09-07-15,7,0
801,Mali,10-07-15,7,0
802,Mali,13-07-15,7,0
803,Mali,14-07-15,7,0
804,Mali,15-07-15,7,0
805,Mali,16-07-15,7,0
806,Mali,17-07-15,7,0
807,Mali,20-07-15,7,0
808,Mali,21-07-15,7,0
809,Mali,22-07-15,7,0
810,Mali,23-07-15,7,0
811,Mali,24-07-15,7,0
812,Mali,27-07-15,7,0
813,Mali,28-07-15,7,0
814,Mali,29-07-15,7,0
815,Mali,30-07-15,7,0
816,Mali,31-07-15,7,0
817,Mali,03-08-15,7,0
818,Mali,04-08-15,7,0
819,Mali,05-08-15,7,0
820,Mali,06-08-15,7,0
821,Mali,07-08-15,7,0
822,Mali,10-08-15,7,0
823,Mali,11-08-15,7,0
824,Mali,12-08-15,7,0
825,Mali,13-08-15,7,0
826,Mali,14-08-15,7,0
827,Mali,17-08-15,7,0
828,Mali,18-08-15,7,0
829,Mali,19-08-15,7,0
830,Mali,20-08-15,7,0
831,Mali,21-08-15,7,0
832,Mali,24-08-15,7,0
833,Mali,25-08-15,7,0
834,Mali,26-08-15,7,0
835,Mali,27-08-15,7,0
836,Mali,28-08-15,7,0
837,Mali,31-08-15,7,0
838,Mali,01-09-15,7,0
839,Mali,02-09-15,7,0
840,Mali,03-09-15,7,0
841,Mali,04-09-15,7,0
842,Mali,07-09-15,7,0
843,Mali,08-09-15,7,0
844,Mali,09-09-15,7,0
845,Mali,10-09-15,7,0
846,Mali,11-09-15,7,0
847,Mali,14-09-15,7,0
848,Mali,15-09-15,7,0
849,Mali,16-09-15,7,0
850,Mali,17-09-15,7,0
851,Mali,18-09-15,7,0
852,Mali,21-09-15,7,0
853,Mali,22-09-15,7,0
854,Mali,23-09-15,7,0
855,Mali,24-09-15,7,0
856,Mali,25-09-15,7,0
857,Mali,28-09-15,7,0
858,Mali,29-09-15,7,0
859,Mali,30-09-15,7,0
860,Mali,01-10-15,7,0
861,Mali,02-10-15,7,0
862,Mali,05-10-15,7,0
863,Mali,06-10-15,7,0
864,Mali,07-10-15,7,0
865,Mali,08-10-15,7,0
866,Mali,09-10-15,7,0
867,Mali,13-10-15,7,0
868,Mali,15-10-15,7,0
869,Mali,16-10-15,7,0
870,Mali,20-10-15,7,0
871,Mali,22-10-15,7,0
872,Mali,23-10-15,7,0
873,Mali,26-10-15,7,0
874,Mali,27-10-15,7,0
875,Mali,29-10-15,7,0
876,Mali,30-10-15,7,0
877,Mali,03-11-15,7,0
878,Mali,05-11-15,7,0
879,Mali,06-11-15,7,0
880,Mali,10-11-15,7,0
881,Mali,11-11-15,7,0
882,Mali,12-11-15,7,0
883,Mali,16-11-15,7,0
884,Mali,17-11-15,7,0
885,Mali,20-11-15,7,0
886,Mali,24-11-15,7,0
887,Mali,26-11-15,7,0
888,Mali,01-12-15,7,0
889,Mali,02-12-15,7,0
890,Mali,03-12-15,7,0
891,Mali,09-12-15,7,0
892,Mali,10-12-15,7,0
893,Mali,11-12-15,7,0
894,Mali,15-12-15,7,0
895,Mali,16-12-15,7,0
896,Mali,17-12-15,7,0
897,Mali,22-12-15,7,0
898,Mali,23-12-15,7,0
899,Mali,29-12-15,7,0
900,Mali,23-03-16,7,0
901,Nigeria,29-08-14,15,15
902,Nigeria,05-09-14,18,3
903,Nigeria,08-09-14,19,1
904,Nigeria,12-09-14,19,0
905,Nigeria,16-09-14,19,0
906,Nigeria,18-09-14,19,0
907,Nigeria,22-09-14,19,0
908,Nigeria,24-09-14,19,0
909,Nigeria,26-09-14,19,0
910,Nigeria,01-10-14,19,0
911,Nigeria,03-10-14,19,0
912,Nigeria,08-10-14,19,0
913,Nigeria,10-10-14,19,0
914,Nigeria,15-10-14,19,0
915,Nigeria,17-10-14,19,0
916,Nigeria,22-10-14,19,0
917,Nigeria,25-10-14,19,0
918,Nigeria,29-10-14,19,0
919,Nigeria,31-10-14,19,0
920,Nigeria,05-11-14,19,0
921,Nigeria,07-11-14,19,0
922,Nigeria,12-11-14,19,0
923,Nigeria,14-11-14,19,0
924,Nigeria,19-11-14,19,0
925,Nigeria,21-11-14,19,0
926,Nigeria,26-11-14,19,0
927,Nigeria,01-12-14,19,0
928,Nigeria,03-12-14,19,0
929,Nigeria,10-12-14,19,0
930,Nigeria,15-12-14,19,0
931,Nigeria,17-12-14,19,0
932,Nigeria,22-12-14,19,0
933,Nigeria,23-12-14,19,0
934,Nigeria,24-12-14,19,0
935,Nigeria,26-12-14,19,0
936,Nigeria,29-12-14,19,0
937,Nigeria,30-12-14,19,0
938,Nigeria,31-12-14,19,0
939,Nigeria,02-01-15,19,0
940,Nigeria,05-01-15,19,0
941,Nigeria,06-01-15,19,0
942,Nigeria,07-01-15,19,0
943,Nigeria,14-01-15,19,0
944,Nigeria,15-01-15,19,0
945,Nigeria,16-01-15,19,0
946,Nigeria,19-01-15,19,0
947,Nigeria,20-01-15,19,0
948,Nigeria,21-01-15,19,0
949,Nigeria,22-01-15,19,0
950,Nigeria,23-01-15,19,0
951,Nigeria,26-01-15,19,0
952,Nigeria,27-01-15,19,0
953,Nigeria,28-01-15,19,0
954,Nigeria,29-01-15,19,0
955,Nigeria,30-01-15,19,0
956,Nigeria,02-02-15,19,0
957,Nigeria,03-02-15,19,0
958,Nigeria,04-02-15,19,0
959,Nigeria,05-02-15,19,0
960,Nigeria,06-02-15,19,0
961,Nigeria,10-02-15,19,0
962,Nigeria,11-02-15,19,0
963,Nigeria,12-02-15,19,0
964,Nigeria,13-02-15,19,0
965,Nigeria,16-02-15,19,0
966,Nigeria,17-02-15,19,0
967,Nigeria,18-02-15,19,0
968,Nigeria,19-02-15,19,0
969,Nigeria,20-02-15,19,0
970,Nigeria,23-02-15,19,0
971,Nigeria,25-02-15,19,0
972,Nigeria,26-02-15,19,0
973,Nigeria,27-02-15,19,0
974,Nigeria,02-03-15,19,0
975,Nigeria,04-03-15,19,0
976,Nigeria,05-03-15,19,0
977,Nigeria,06-03-15,19,0
978,Nigeria,10-03-15,19,0
979,Nigeria,11-03-15,19,0
980,Nigeria,12-03-15,19,0
981,Nigeria,13-03-15,19,0
982,Nigeria,16-03-15,19,0
983,Nigeria,17-03-15,19,0
984,Nigeria,18-03-15,19,0
985,Nigeria,20-03-15,19,0
986,Nigeria,23-03-15,19,0
987,Nigeria,24-03-15,19,0
988,Nigeria,25-03-15,19,0
989,Nigeria,26-03-15,19,0
990,Nigeria,27-03-15,19,0
991,Nigeria,07-04-15,19,0
992,Nigeria,09-04-15,19,0
993,Nigeria,13-04-15,19,0
994,Nigeria,14-04-15,19,0
995,Nigeria,15-04-15,19,0
996,Nigeria,16-04-15,19,0
997,Nigeria,17-04-15,19,0
998,Nigeria,20-04-15,19,0
999,Nigeria,21-04-15,19,0
1000,Nigeria,22-04-15,19,0
1001,Nigeria,23-04-15,19,0
1002,Nigeria,24-04-15,19,0
1003,Nigeria,27-04-15,19,0
1004,Nigeria,28-04-15,19,0
1005,Nigeria,30-04-15,19,0
1006,Nigeria,01-05-15,19,0
1007,Nigeria,04-05-15,19,0
1008,Nigeria,05-05-15,19,0
1009,Nigeria,06-05-15,19,0
1010,Nigeria,07-05-15,19,0
1011,Nigeria,08-05-15,19,0
1012,Nigeria,11-05-15,19,0
1013,Nigeria,12-05-15,19,0
1014,Nigeria,13-05-15,19,0
1015,Nigeria,14-05-15,19,0
1016,Nigeria,15-05-15,19,0
1017,Nigeria,18-05-15,19,0
1018,Nigeria,19-05-15,19,0
1019,Nigeria,20-05-15,19,0
1020,Nigeria,21-05-15,19,0
1021,Nigeria,22-05-15,19,0
1022,Nigeria,25-05-15,19,0
1023,Nigeria,26-05-15,19,0
1024,Nigeria,27-05-15,19,0
1025,Nigeria,28-05-15,19,0
1026,Nigeria,29-05-15,19,0
1027,Nigeria,01-06-15,19,0
1028,Nigeria,02-06-15,19,0
1029,Nigeria,03-06-15,19,0
1030,Nigeria,04-06-15,19,0
1031,Nigeria,05-06-15,19,0
1032,Nigeria,08-06-15,19,0
1033,Nigeria,09-06-15,19,0
1034,Nigeria,10-06-15,19,0
1035,Nigeria,11-06-15,19,0
1036,Nigeria,12-06-15,19,0
1037,Nigeria,15-06-15,19,0
1038,Nigeria,16-06-15,19,0
1039,Nigeria,17-06-15,19,0
1040,Nigeria,18-06-15,19,0
1041,Nigeria,19-06-15,19,0
1042,Nigeria,22-06-15,19,0
1043,Nigeria,23-06-15,19,0
1044,Nigeria,24-06-15,19,0
1045,Nigeria,25-06-15,19,0
1046,Nigeria,26-06-15,19,0
1047,Nigeria,29-06-15,19,0
1048,Nigeria,30-06-15,19,0
1049,Nigeria,01-07-15,19,0
1050,Nigeria,02-07-15,19,0
1051,Nigeria,03-07-15,19,0
1052,Nigeria,06-07-15,19,0
1053,Nigeria,07-07-15,19,0
1054,Nigeria,08-07-15,19,0
1055,Nigeria,09-07-15,19,0
1056,Nigeria,10-07-15,19,0
1057,Nigeria,13-07-15,19,0
1058,Nigeria,14-07-15,19,0
1059,Nigeria,15-07-15,19,0
1060,Nigeria,16-07-15,19,0
1061,Nigeria,17-07-15,19,0
1062,Nigeria,20-07-15,19,0
1063,Nigeria,21-07-15,19,0
1064,Nigeria,22-07-15,19,0
1065,Nigeria,23-07-15,19,0
1066,Nigeria,24-07-15,19,0
1067,Nigeria,27-07-15,19,0
1068,Nigeria,28-07-15,19,0
1069,Nigeria,29-07-15,19,0
1070,Nigeria,30-07-15,19,0
1071,Nigeria,31-07-15,19,0
1072,Nigeria,03-08-15,19,0
1073,Nigeria,04-08-15,19,0
1074,Nigeria,05-08-15,19,0
1075,Nigeria,06-08-15,19,0
1076,Nigeria,07-08-15,19,0
1077,Nigeria,10-08-15,19,0
1078,Nigeria,11-08-15,19,0
1079,Nigeria,12-08-15,19,0
1080,Nigeria,13-08-15,19,0
1081,Nigeria,14-08-15,19,0
1082,Nigeria,17-08-15,19,0
1083,Nigeria,18-08-15,19,0
1084,Nigeria,19-08-15,19,0
1085,Nigeria,20-08-15,19,0
1086,Nigeria,21-08-15,19,0
1087,Nigeria,24-08-15,19,0
1088,Nigeria,25-08-15,19,0
1089,Nigeria,26-08-15,19,0
1090,Nigeria,27-08-15,19,0
1091,Nigeria,28-08-15,19,0
1092,Nigeria,31-08-15,19,0
1093,Nigeria,01-09-15,19,0
1094,Nigeria,02-09-15,19,0
1095,Nigeria,03-09-15,19,0
1096,Nigeria,04-09-15,19,0
1097,Nigeria,07-09-15,19,0
1098,Nigeria,08-09-15,19,0
1099,Nigeria,09-09-15,19,0
1100,Nigeria,10-09-15,19,0
1101,Nigeria,11-09-15,19,0
1102,Nigeria,14-09-15,19,0
1103,Nigeria,15-09-15,19,0
1104,Nigeria,16-09-15,19,0
1105,Nigeria,17-09-15,19,0
1106,Nigeria,18-09-15,19,0
1107,Nigeria,21-09-15,19,0
1108,Nigeria,22-09-15,19,0
1109,Nigeria,23-09-15,19,0
1110,Nigeria,24-09-15,19,0
1111,Nigeria,25-09-15,19,0
1112,Nigeria,28-09-15,19,0
1113,Nigeria,29-09-15,19,0
1114,Nigeria,30-09-15,19,0
1115,Nigeria,01-10-15,19,0
1116,Nigeria,02-10-15,19,0
1117,Nigeria,05-10-15,19,0
1118,Nigeria,06-10-15,19,0
1119,Nigeria,07-10-15,19,0
1120,Nigeria,08-10-15,19,0
1121,Nigeria,09-10-15,19,0
1122,Nigeria,13-10-15,19,0
1123,Nigeria,15-10-15,19,0
1124,Nigeria,16-10-15,19,0
1125,Nigeria,20-10-15,19,0
1126,Nigeria,22-10-15,19,0
1127,Nigeria,23-10-15,19,0
1128,Nigeria,26-10-15,19,0
1129,Nigeria,27-10-15,19,0
1130,Nigeria,29-10-15,19,0
1131,Nigeria,30-10-15,19,0
1132,Nigeria,03-11-15,19,0
1133,Nigeria,05-11-15,19,0
1134,Nigeria,06-11-15,19,0
1135,Nigeria,10-11-15,19,0
1136,Nigeria,11-11-15,19,0
1137,Nigeria,12-11-15,19,0
1138,Nigeria,16-11-15,19,0
1139,Nigeria,17-11-15,19,0
1140,Nigeria,20-11-15,19,0
1141,Nigeria,24-11-15,19,0
1142,Nigeria,26-11-15,19,0
1143,Nigeria,01-12-15,19,0
1144,Nigeria,02-12-15,19,0
1145,Nigeria,03-12-15,19,0
1146,Nigeria,09-12-15,19,0
1147,Nigeria,10-12-15,19,0
1148,Nigeria,11-12-15,19,0
1149,Nigeria,15-12-15,19,0
1150,Nigeria,16-12-15,19,0
1151,Nigeria,17-12-15,19,0
1152,Nigeria,22-12-15,19,0
1153,Nigeria,23-12-15,19,0
1154,Nigeria,29-12-15,19,0
1155,Nigeria,23-03-16,19,0
1156,Senegal,05-09-14,1,1
1157,Senegal,08-09-14,1,0
1158,Senegal,12-09-14,1,0
1159,Senegal,16-09-14,1,0
1160,Senegal,18-09-14,1,0
1161,Senegal,22-09-14,1,0
1162,Senegal,24-09-14,1,0
1163,Senegal,26-09-14,1,0
1164,Senegal,01-10-14,1,0
1165,Senegal,03-10-14,1,0
1166,Senegal,08-10-14,1,0
1167,Senegal,10-10-14,1,0
1168,Senegal,15-10-14,1,0
1169,Senegal,17-10-14,1,0
1170,Senegal,22-10-14,1,0
1171,Senegal,25-10-14,1,0
1172,Senegal,29-10-14,1,0
1173,Senegal,31-10-14,1,0
1174,Senegal,05-11-14,1,0
1175,Senegal,07-11-14,1,0
1176,Senegal,12-11-14,1,0
1177,Senegal,14-11-14,1,0
1178,Senegal,19-11-14,1,0
1179,Senegal,21-11-14,1,0
1180,Senegal,26-11-14,1,0
1181,Senegal,01-12-14,1,0
1182,Senegal,03-12-14,1,0
1183,Senegal,10-12-14,1,0
1184,Senegal,15-12-14,1,0
1185,Senegal,17-12-14,1,0
1186,Senegal,22-12-14,1,0
1187,Senegal,23-12-14,1,0
1188,Senegal,24-12-14,1,0
1189,Senegal,26-12-14,1,0
1190,Senegal,29-12-14,1,0
1191,Senegal,30-12-14,1,0
1192,Senegal,31-12-14,1,0
1193,Senegal,02-01-15,1,0
1194,Senegal,05-01-15,1,0
1195,Senegal,06-01-15,1,0
1196,Senegal,07-01-15,1,0
1197,Senegal,14-01-15,1,0
1198,Senegal,15-01-15,1,0
1199,Senegal,16-01-15,1,0
1200,Senegal,19-01-15,1,0
1201,Senegal,20-01-15,1,0
1202,Senegal,21-01-15,1,0
1203,Senegal,22-01-15,1,0
1204,Senegal,23-01-15,1,0
1205,Senegal,26-01-15,1,0
1206,Senegal,27-01-15,1,0
1207,Senegal,28-01-15,1,0
1208,Senegal,29-01-15,1,0
1209,Senegal,30-01-15,1,0
1210,Senegal,02-02-15,1,0
1211,Senegal,03-02-15,1,0
1212,Senegal,04-02-15,1,0
1213,Senegal,05-02-15,1,0
1214,Senegal,06-02-15,1,0
1215,Senegal,10-02-15,1,0
1216,Senegal,11-02-15,1,0
1217,Senegal,12-02-15,1,0
1218,Senegal,13-02-15,1,0
1219,Senegal,16-02-15,1,0
1220,Senegal,17-02-15,1,0
1221,Senegal,18-02-15,1,0
1222,Senegal,19-02-15,1,0
1223,Senegal,20-02-15,1,0
1224,Senegal,23-02-15,1,0
1225,Senegal,25-02-15,1,0
1226,Senegal,26-02-15,1,0
1227,Senegal,27-02-15,1,0
1228,Senegal,02-03-15,1,0
1229,Senegal,04-03-15,1,0
1230,Senegal,05-03-15,1,0
1231,Senegal,06-03-15,1,0
1232,Senegal,10-03-15,1,0
1233,Senegal,11-03-15,1,0
1234,Senegal,12-03-15,1,0
1235,Senegal,13-03-15,1,0
1236,Senegal,16-03-15,1,0
1237,Senegal,17-03-15,1,0
1238,Senegal,18-03-15,1,0
1239,Senegal,20-03-15,1,0
1240,Senegal,23-03-15,1,0
1241,Senegal,24-03-15,1,0
1242,Senegal,25-03-15,1,0
1243,Senegal,26-03-15,1,0
1244,Senegal,27-03-15,1,0
1245,Senegal,07-04-15,1,0
1246,Senegal,09-04-15,1,0
1247,Senegal,13-04-15,1,0
1248,Senegal,14-04-15,1,0
1249,Senegal,15-04-15,1,0
1250,Senegal,16-04-15,1,0
1251,Senegal,17-04-15,1,0
1252,Senegal,20-04-15,1,0
1253,Senegal,21-04-15,1,0
1254,Senegal,22-04-15,1,0
1255,Senegal,23-04-15,1,0
1256,Senegal,24-04-15,1,0
1257,Senegal,27-04-15,1,0
1258,Senegal,28-04-15,1,0
1259,Senegal,30-04-15,1,0
1260,Senegal,01-05-15,1,0
1261,Senegal,04-05-15,1,0
1262,Senegal,05-05-15,1,0
1263,Senegal,06-05-15,1,0
1264,Senegal,07-05-15,1,0
1265,Senegal,08-05-15,1,0
1266,Senegal,11-05-15,1,0
1267,Senegal,12-05-15,1,0
1268,Senegal,13-05-15,1,0
1269,Senegal,14-05-15,1,0
1270,Senegal,15-05-15,1,0
1271,Senegal,18-05-15,1,0
1272,Senegal,19-05-15,1,0
1273,Senegal,20-05-15,1,0
1274,Senegal,21-05-15,1,0
1275,Senegal,22-05-15,1,0
1276,Senegal,25-05-15,1,0
1277,Senegal,26-05-15,1,0
1278,Senegal,27-05-15,1,0
1279,Senegal,28-05-15,1,0
1280,Senegal,29-05-15,1,0
1281,Senegal,01-06-15,1,0
1282,Senegal,02-06-15,1,0
1283,Senegal,03-06-15,1,0
1284,Senegal,04-06-15,1,0
1285,Senegal,05-06-15,1,0
1286,Senegal,08-06-15,1,0
1287,Senegal,09-06-15,1,0
1288,Senegal,10-06-15,1,0
1289,Senegal,11-06-15,1,0
1290,Senegal,12-06-15,1,0
1291,Senegal,15-06-15,1,0
1292,Senegal,16-06-15,1,0
1293,Senegal,17-06-15,1,0
1294,Senegal,18-06-15,1,0
1295,Senegal,19-06-15,1,0
1296,Senegal,22-06-15,1,0
1297,Senegal,23-06-15,1,0
1298,Senegal,24-06-15,1,0
1299,Senegal,25-06-15,1,0
1300,Senegal,26-06-15,1,0
1301,Senegal,29-06-15,1,0
1302,Senegal,30-06-15,1,0
1303,Senegal,01-07-15,1,0
1304,Senegal,02-07-15,1,0
1305,Senegal,03-07-15,1,0
1306,Senegal,06-07-15,1,0
1307,Senegal,07-07-15,1,0
1308,Senegal,08-07-15,1,0
1309,Senegal,09-07-15,1,0
1310,Senegal,10-07-15,1,0
1311,Senegal,13-07-15,1,0
1312,Senegal,14-07-15,1,0
1313,Senegal,15-07-15,1,0
1314,Senegal,16-07-15,1,0
1315,Senegal,17-07-15,1,0
1316,Senegal,20-07-15,1,0
1317,Senegal,21-07-15,1,0
1318,Senegal,22-07-15,1,0
1319,Senegal,23-07-15,1,0
1320,Senegal,24-07-15,1,0
1321,Senegal,27-07-15,1,0
1322,Senegal,28-07-15,1,0
1323,Senegal,29-07-15,1,0
1324,Senegal,30-07-15,1,0
1325,Senegal,31-07-15,1,0
1326,Senegal,03-08-15,1,0
1327,Senegal,04-08-15,1,0
1328,Senegal,05-08-15,1,0
1329,Senegal,06-08-15,1,0
1330,Senegal,07-08-15,1,0
1331,Senegal,10-08-15,1,0
1332,Senegal,11-08-15,1,0
1333,Senegal,12-08-15,1,0
1334,Senegal,13-08-15,1,0
1335,Senegal,14-08-15,1,0
1336,Senegal,17-08-15,1,0
1337,Senegal,18-08-15,1,0
1338,Senegal,19-08-15,1,0
1339,Senegal,20-08-15,1,0
1340,Senegal,21-08-15,1,0
1341,Senegal,24-08-15,1,0
1342,Senegal,25-08-15,1,0
1343,Senegal,26-08-15,1,0
1344,Senegal,27-08-15,1,0
1345,Senegal,28-08-15,1,0
1346,Senegal,31-08-15,1,0
1347,Senegal,01-09-15,1,0
1348,Senegal,02-09-15,1,0
1349,Senegal,03-09-15,1,0
1350,Senegal,04-09-15,1,0
1351,Senegal,07-09-15,1,0
1352,Senegal,08-09-15,1,0
1353,Senegal,09-09-15,1,0
1354,Senegal,10-09-15,1,0
1355,Senegal,11-09-15,1,0
1356,Senegal,14-09-15,1,0
1357,Senegal,15-09-15,1,0
1358,Senegal,16-09-15,1,0
1359,Senegal,17-09-15,1,0
1360,Senegal,18-09-15,1,0
1361,Senegal,21-09-15,1,0
1362,Senegal,22-09-15,1,0
1363,Senegal,23-09-15,1,0
1364,Senegal,24-09-15,1,0
1365,Senegal,25-09-15,1,0
1366,Senegal,28-09-15,1,0
1367,Senegal,29-09-15,1,0
1368,Senegal,30-09-15,1,0
1369,Senegal,01-10-15,1,0
1370,Senegal,02-10-15,1,0
1371,Senegal,05-10-15,1,0
1372,Senegal,06-10-15,1,0
1373,Senegal,07-10-15,1,0
1374,Senegal,08-10-15,1,0
1375,Senegal,09-10-15,1,0
1376,Senegal,13-10-15,1,0
1377,Senegal,15-10-15,1,0
1378,Senegal,16-10-15,1,0
1379,Senegal,20-10-15,1,0
1380,Senegal,22-10-15,1,0
1381,Senegal,23-10-15,1,0
1382,Senegal,26-10-15,1,0
1383,Senegal,27-10-15,1,0
1384,Senegal,29-10-15,1,0
1385,Senegal,30-10-15,1,0
1386,Senegal,03-11-15,1,0
1387,Senegal,05-11-15,1,0
1388,Senegal,06-11-15,1,0
1389,Senegal,10-11-15,1,0
1390,Senegal,11-11-15,1,0
1391,Senegal,12-11-15,1,0
1392,Senegal,16-11-15,1,0
1393,Senegal,17-11-15,1,0
1394,Senegal,20-11-15,1,0
1395,Senegal,24-11-15,1,0
1396,Senegal,26-11-15,1,0
1397,Senegal,01-12-15,1,0
1398,Senegal,02-12-15,1,0
1399,Senegal,03-12-15,1,0
1400,Senegal,09-12-15,1,0
1401,Senegal,10-12-15,1,0
1402,Senegal,11-12-15,1,0
1403,Senegal,15-12-15,1,0
1404,Senegal,16-12-15,1,0
1405,Senegal,17-12-15,1,0
1406,Senegal,22-12-15,1,0
1407,Senegal,23-12-15,1,0
1408,Senegal,29-12-15,1,0
1409,Senegal,23-03-16,1,0
1410,Sierra Leone,29-08-14,935,935
1411,Sierra Leone,05-09-14,1146,211
1412,Sierra Leone,08-09-14,1234,88
1413,Sierra Leone,12-09-14,1287,53
1414,Sierra Leone,16-09-14,1464,177
1415,Sierra Leone,18-09-14,1513,49
1416,Sierra Leone,22-09-14,1640,127
1417,Sierra Leone,24-09-14,1745,105
1418,Sierra Leone,26-09-14,1816,71
1419,Sierra Leone,01-10-14,2076,260
1420,Sierra Leone,03-10-14,2179,103
1421,Sierra Leone,08-10-14,2455,276
1422,Sierra Leone,10-10-14,2593,138
1423,Sierra Leone,15-10-14,2849,256
1424,Sierra Leone,17-10-14,2977,128
1425,Sierra Leone,22-10-14,3223,246
1426,Sierra Leone,25-10-14,3389,166
1427,Sierra Leone,29-10-14,3700,311
1428,Sierra Leone,31-10-14,3778,78
1429,Sierra Leone,05-11-14,4057,279
1430,Sierra Leone,07-11-14,4149,92
1431,Sierra Leone,12-11-14,4523,374
1432,Sierra Leone,14-11-14,4683,160
1433,Sierra Leone,19-11-14,5056,373
1434,Sierra Leone,21-11-14,5152,96
1435,Sierra Leone,26-11-14,5441,289
1436,Sierra Leone,01-12-14,5831,390
1437,Sierra Leone,03-12-14,5978,147
1438,Sierra Leone,10-12-14,6375,397
1439,Sierra Leone,15-12-14,6638,263
1440,Sierra Leone,17-12-14,6702,64
1441,Sierra Leone,22-12-14,6975,273
1442,Sierra Leone,23-12-14,7017,42
1443,Sierra Leone,24-12-14,7017,0
1444,Sierra Leone,26-12-14,7160,143
1445,Sierra Leone,29-12-14,7326,166
1446,Sierra Leone,30-12-14,7354,28
1447,Sierra Leone,31-12-14,7354,0
1448,Sierra Leone,02-01-15,7476,122
1449,Sierra Leone,05-01-15,7570,94
1450,Sierra Leone,06-01-15,7602,32
1451,Sierra Leone,07-01-15,7602,0
1452,Sierra Leone,08-01-15,7759,157
1453,Sierra Leone,09-01-15,7759,0
1454,Sierra Leone,12-01-15,7766,7
1455,Sierra Leone,13-01-15,7766,0
1456,Sierra Leone,14-01-15,7786,20
1457,Sierra Leone,15-01-15,7802,16
1458,Sierra Leone,16-01-15,7825,23
1459,Sierra Leone,19-01-15,7883,58
1460,Sierra Leone,20-01-15,7903,20
1461,Sierra Leone,21-01-15,7903,0
1462,Sierra Leone,22-01-15,7909,6
1463,Sierra Leone,23-01-15,7921,12
1464,Sierra Leone,26-01-15,7963,42
1465,Sierra Leone,27-01-15,7968,5
1466,Sierra Leone,28-01-15,7968,0
1467,Sierra Leone,29-01-15,7977,9
1468,Sierra Leone,30-01-15,7989,12
1469,Sierra Leone,02-02-15,8042,53
1470,Sierra Leone,03-02-15,8059,17
1471,Sierra Leone,04-02-15,8059,0
1472,Sierra Leone,05-02-15,8063,4
1473,Sierra Leone,06-02-15,8084,21
1474,Sierra Leone,10-02-15,8135,51
1475,Sierra Leone,11-02-15,8135,0
1476,Sierra Leone,12-02-15,8138,3
1477,Sierra Leone,13-02-15,8155,17
1478,Sierra Leone,16-02-15,8199,44
1479,Sierra Leone,17-02-15,8212,13
1480,Sierra Leone,18-02-15,8212,0
1481,Sierra Leone,19-02-15,8223,11
1482,Sierra Leone,20-02-15,8223,0
1483,Sierra Leone,23-02-15,8223,0
1484,Sierra Leone,25-02-15,8289,66
1485,Sierra Leone,26-02-15,8308,19
1486,Sierra Leone,27-02-15,8320,12
1487,Sierra Leone,02-03-15,8353,33
1488,Sierra Leone,04-03-15,8353,0
1489,Sierra Leone,05-03-15,8383,30
1490,Sierra Leone,06-03-15,8389,6
1491,Sierra Leone,10-03-15,8428,39
1492,Sierra Leone,11-03-15,8428,0
1493,Sierra Leone,12-03-15,8463,35
1494,Sierra Leone,13-03-15,8469,6
1495,Sierra Leone,16-03-15,8484,15
1496,Sierra Leone,17-03-15,8487,3
1497,Sierra Leone,18-03-15,8487,0
1498,Sierra Leone,20-03-15,8508,21
1499,Sierra Leone,23-03-15,8518,10
1500,Sierra Leone,24-03-15,8520,2
1501,Sierra Leone,25-03-15,8520,0
1502,Sierra Leone,26-03-15,8529,9
1503,Sierra Leone,27-03-15,8532,3
1504,Sierra Leone,07-04-15,8555,23
1505,Sierra Leone,09-04-15,8558,3
1506,Sierra Leone,13-04-15,8560,2
1507,Sierra Leone,14-04-15,8563,3
1508,Sierra Leone,15-04-15,8563,0
1509,Sierra Leone,16-04-15,8566,3
1510,Sierra Leone,17-04-15,8569,3
1511,Sierra Leone,20-04-15,8572,3
1512,Sierra Leone,21-04-15,8573,1
1513,Sierra Leone,22-04-15,8575,2
1514,Sierra Leone,23-04-15,8581,6
1515,Sierra Leone,24-04-15,8584,3
1516,Sierra Leone,27-04-15,8585,1
1517,Sierra Leone,28-04-15,8586,1
1518,Sierra Leone,30-04-15,8588,2
1519,Sierra Leone,01-05-15,8590,2
1520,Sierra Leone,04-05-15,8592,2
1521,Sierra Leone,05-05-15,8595,3
1522,Sierra Leone,06-05-15,8595,0
1523,Sierra Leone,07-05-15,8597,2
1524,Sierra Leone,08-05-15,8597,0
1525,Sierra Leone,11-05-15,8597,0
1526,Sierra Leone,12-05-15,8597,0
1527,Sierra Leone,13-05-15,8597,0
1528,Sierra Leone,14-05-15,8597,0
1529,Sierra Leone,15-05-15,8598,1
1530,Sierra Leone,18-05-15,8603,5
1531,Sierra Leone,19-05-15,8605,2
1532,Sierra Leone,20-05-15,8605,0
1533,Sierra Leone,21-05-15,8607,2
1534,Sierra Leone,22-05-15,8608,1
1535,Sierra Leone,25-05-15,8608,0
1536,Sierra Leone,26-05-15,8608,0
1537,Sierra Leone,27-05-15,8608,0
1538,Sierra Leone,28-05-15,8611,3
1539,Sierra Leone,29-05-15,8614,3
1540,Sierra Leone,01-06-15,8618,4
1541,Sierra Leone,02-06-15,8620,2
1542,Sierra Leone,03-06-15,8620,0
1543,Sierra Leone,04-06-15,8623,3
1544,Sierra Leone,05-06-15,8624,1
1545,Sierra Leone,08-06-15,8630,6
1546,Sierra Leone,09-06-15,8635,5
1547,Sierra Leone,10-06-15,8635,0
1548,Sierra Leone,11-06-15,8638,3
1549,Sierra Leone,12-06-15,8647,9
1550,Sierra Leone,15-06-15,8649,2
1551,Sierra Leone,16-06-15,8649,0
1552,Sierra Leone,17-06-15,8649,0
1553,Sierra Leone,18-06-15,8651,2
1554,Sierra Leone,19-06-15,8654,3
1555,Sierra Leone,22-06-15,8657,3
1556,Sierra Leone,23-06-15,8657,0
1557,Sierra Leone,24-06-15,8657,0
1558,Sierra Leone,25-06-15,8660,3
1559,Sierra Leone,26-06-15,8662,2
1560,Sierra Leone,29-06-15,8664,2
1561,Sierra Leone,30-06-15,8665,1
1562,Sierra Leone,01-07-15,8665,0
1563,Sierra Leone,02-07-15,8668,3
1564,Sierra Leone,03-07-15,8671,3
1565,Sierra Leone,06-07-15,8673,2
1566,Sierra Leone,07-07-15,8674,1
1567,Sierra Leone,08-07-15,8674,0
1568,Sierra Leone,09-07-15,8675,1
1569,Sierra Leone,10-07-15,8676,1
1570,Sierra Leone,13-07-15,8687,11
1571,Sierra Leone,14-07-15,8688,1
1572,Sierra Leone,15-07-15,8688,0
1573,Sierra Leone,16-07-15,8688,0
1574,Sierra Leone,17-07-15,8688,0
1575,Sierra Leone,20-07-15,8692,4
1576,Sierra Leone,21-07-15,8692,0
1577,Sierra Leone,22-07-15,8692,0
1578,Sierra Leone,23-07-15,8693,1
1579,Sierra Leone,24-07-15,8693,0
1580,Sierra Leone,27-07-15,8694,1
1581,Sierra Leone,28-07-15,8694,0
1582,Sierra Leone,29-07-15,8694,0
1583,Sierra Leone,30-07-15,8694,0
1584,Sierra Leone,31-07-15,8694,0
1585,Sierra Leone,03-08-15,8695,1
1586,Sierra Leone,04-08-15,8695,0
1587,Sierra Leone,05-08-15,8695,0
1588,Sierra Leone,06-08-15,8696,1
1589,Sierra Leone,07-08-15,8696,0
1590,Sierra Leone,10-08-15,8697,1
1591,Sierra Leone,11-08-15,8697,0
1592,Sierra Leone,12-08-15,8697,0
1593,Sierra Leone,13-08-15,8697,0
1594,Sierra Leone,14-08-15,8697,0
1595,Sierra Leone,17-08-15,8697,0
1596,Sierra Leone,18-08-15,8697,0
1597,Sierra Leone,19-08-15,8697,0
1598,Sierra Leone,20-08-15,8697,0
1599,Sierra Leone,21-08-15,8697,0
1600,Sierra Leone,24-08-15,8697,0
1601,Sierra Leone,25-08-15,8697,0
1602,Sierra Leone,26-08-15,8697,0
1603,Sierra Leone,27-08-15,8697,0
1604,Sierra Leone,28-08-15,8697,0
1605,Sierra Leone,31-08-15,8698,1
1606,Sierra Leone,01-09-15,8698,0
1607,Sierra Leone,02-09-15,8698,0
1608,Sierra Leone,03-09-15,8698,0
1609,Sierra Leone,04-09-15,8698,0
1610,Sierra Leone,07-09-15,8699,1
1611,Sierra Leone,08-09-15,8699,0
1612,Sierra Leone,09-09-15,8699,0
1613,Sierra Leone,10-09-15,8702,3
1614,Sierra Leone,11-09-15,8703,1
1615,Sierra Leone,14-09-15,8703,0
1616,Sierra Leone,15-09-15,8704,1
1617,Sierra Leone,16-09-15,8704,0
1618,Sierra Leone,17-09-15,8704,0
1619,Sierra Leone,18-09-15,8704,0
1620,Sierra Leone,21-09-15,8704,0
1621,Sierra Leone,22-09-15,8704,0
1622,Sierra Leone,23-09-15,8704,0
1623,Sierra Leone,24-09-15,8704,0
1624,Sierra Leone,25-09-15,8704,0
1625,Sierra Leone,28-09-15,8704,0
1626,Sierra Leone,29-09-15,8704,0
1627,Sierra Leone,30-09-15,8704,0
1628,Sierra Leone,01-10-15,8704,0
1629,Sierra Leone,02-10-15,8704,0
1630,Sierra Leone,05-10-15,8704,0
1631,Sierra Leone,06-10-15,8704,0
1632,Sierra Leone,07-10-15,8704,0
1633,Sierra Leone,08-10-15,8704,0
1634,Sierra Leone,09-10-15,8704,0
1635,Sierra Leone,13-10-15,8704,0
1636,Sierra Leone,15-10-15,8704,0
1637,Sierra Leone,16-10-15,8704,0
1638,Sierra Leone,20-10-15,8704,0
1639,Sierra Leone,22-10-15,8704,0
1640,Sierra Leone,23-10-15,8704,0
1641,Sierra Leone,26-10-15,8704,0
1642,Sierra Leone,27-10-15,8704,0
1643,Sierra Leone,29-10-15,8704,0
1644,Sierra Leone,30-10-15,8704,0
1645,Sierra Leone,03-11-15,8704,0
1646,Sierra Leone,05-11-15,8704,0
1647,Sierra Leone,06-11-15,8704,0
1648,Sierra Leone,10-11-15,8704,0
1649,Sierra Leone,11-11-15,8704,0
1650,Sierra Leone,12-11-15,8704,0
1651,Sierra Leone,16-11-15,8704,0
1652,Sierra Leone,17-11-15,8704,0
1653,Sierra Leone,20-11-15,8704,0
1654,Sierra Leone,24-11-15,8704,0
1655,Sierra Leone,26-11-15,8704,0
1656,Sierra Leone,01-12-15,8704,0
1657,Sierra Leone,02-12-15,8704,0
1658,Sierra Leone,03-12-15,8704,0
1659,Sierra Leone,09-12-15,8704,0
1660,Sierra Leone,10-12-15,8704,0
1661,Sierra Leone,11-12-15,8704,0
1662,Sierra Leone,15-12-15,8704,0
1663,Sierra Leone,16-12-15,8704,0
1664,Sierra Leone,17-12-15,8704,0
1665,Sierra Leone,22-12-15,8704,0
1666,Sierra Leone,23-12-15,8704,0
1667,Sierra Leone,29-12-15,8704,0
1668,Sierra Leone,23-03-16,8704,0
1669,Spain,10-10-14,1,1
1670,Spain,15-10-14,1,0
1671,Spain,17-10-14,1,0
1672,Spain,22-10-14,1,0
1673,Spain,25-10-14,1,0
1674,Spain,29-10-14,1,0
1675,Spain,31-10-14,1,0
1676,Spain,05-11-14,1,0
1677,Spain,07-11-14,1,0
1678,Spain,12-11-14,1,0
1679,Spain,14-11-14,1,0
1680,Spain,19-11-14,1,0
1681,Spain,21-11-14,1,0
1682,Spain,26-11-14,1,0
1683,Spain,01-12-14,1,0
1684,Spain,03-12-14,1,0
1685,Spain,10-12-14,1,0
1686,Spain,15-12-14,1,0
1687,Spain,17-12-14,1,0
1688,Spain,22-12-14,1,0
1689,Spain,23-12-14,1,0
1690,Spain,24-12-14,1,0
1691,Spain,26-12-14,1,0
1692,Spain,29-12-14,1,0
1693,Spain,30-12-14,1,0
1694,Spain,31-12-14,1,0
1695,Spain,02-01-15,1,0
1696,Spain,05-01-15,1,0
1697,Spain,06-01-15,1,0
1698,Spain,07-01-15,1,0
1699,Spain,14-01-15,1,0
1700,Spain,15-01-15,1,0
1701,Spain,16-01-15,1,0
1702,Spain,19-01-15,1,0
1703,Spain,20-01-15,1,0
1704,Spain,21-01-15,1,0
1705,Spain,22-01-15,1,0
1706,Spain,23-01-15,1,0
1707,Spain,26-01-15,1,0
1708,Spain,27-01-15,1,0
1709,Spain,28-01-15,1,0
1710,Spain,29-01-15,1,0
1711,Spain,30-01-15,1,0
1712,Spain,02-02-15,1,0
1713,Spain,03-02-15,1,0
1714,Spain,04-02-15,1,0
1715,Spain,05-02-15,1,0
1716,Spain,06-02-15,1,0
1717,Spain,10-02-15,1,0
1718,Spain,11-02-15,1,0
1719,Spain,12-02-15,1,0
1720,Spain,13-02-15,1,0
1721,Spain,16-02-15,1,0
1722,Spain,17-02-15,1,0
1723,Spain,18-02-15,1,0
1724,Spain,19-02-15,1,0
1725,Spain,20-02-15,1,0
1726,Spain,23-02-15,1,0
1727,Spain,25-02-15,1,0
1728,Spain,26-02-15,1,0
1729,Spain,27-02-15,1,0
1730,Spain,02-03-15,1,0
1731,Spain,04-03-15,1,0
1732,Spain,05-03-15,1,0
1733,Spain,06-03-15,1,0
1734,Spain,10-03-15,1,0
1735,Spain,11-03-15,1,0
1736,Spain,12-03-15,1,0
1737,Spain,13-03-15,1,0
1738,Spain,16-03-15,1,0
1739,Spain,17-03-15,1,0
1740,Spain,18-03-15,1,0
1741,Spain,20-03-15,1,0
1742,Spain,23-03-15,1,0
1743,Spain,24-03-15,1,0
1744,Spain,25-03-15,1,0
1745,Spain,26-03-15,1,0
1746,Spain,27-03-15,1,0
1747,Spain,07-04-15,1,0
1748,Spain,09-04-15,1,0
1749,Spain,13-04-15,1,0
1750,Spain,14-04-15,1,0
1751,Spain,15-04-15,1,0
1752,Spain,16-04-15,1,0
1753,Spain,17-04-15,1,0
1754,Spain,20-04-15,1,0
1755,Spain,21-04-15,1,0
1756,Spain,22-04-15,1,0
1757,Spain,23-04-15,1,0
1758,Spain,24-04-15,1,0
1759,Spain,27-04-15,1,0
1760,Spain,28-04-15,1,0
1761,Spain,30-04-15,1,0
1762,Spain,01-05-15,1,0
1763,Spain,04-05-15,1,0
1764,Spain,05-05-15,1,0
1765,Spain,06-05-15,1,0
1766,Spain,07-05-15,1,0
1767,Spain,08-05-15,1,0
1768,Spain,11-05-15,1,0
1769,Spain,12-05-15,1,0
1770,Spain,13-05-15,1,0
1771,Spain,14-05-15,1,0
1772,Spain,15-05-15,1,0
1773,Spain,18-05-15,1,0
1774,Spain,19-05-15,1,0
1775,Spain,20-05-15,1,0
1776,Spain,21-05-15,1,0
1777,Spain,22-05-15,1,0
1778,Spain,25-05-15,1,0
1779,Spain,26-05-15,1,0
1780,Spain,27-05-15,1,0
1781,Spain,28-05-15,1,0
1782,Spain,29-05-15,1,0
1783,Spain,01-06-15,1,0
1784,Spain,02-06-15,1,0
1785,Spain,03-06-15,1,0
1786,Spain,04-06-15,1,0
1787,Spain,05-06-15,1,0
1788,Spain,08-06-15,1,0
1789,Spain,09-06-15,1,0
1790,Spain,10-06-15,1,0
1791,Spain,11-06-15,1,0
1792,Spain,12-06-15,1,0
1793,Spain,15-06-15,1,0
1794,Spain,16-06-15,1,0
1795,Spain,17-06-15,1,0
1796,Spain,18-06-15,1,0
1797,Spain,19-06-15,1,0
1798,Spain,22-06-15,1,0
1799,Spain,23-06-15,1,0
1800,Spain,24-06-15,1,0
1801,Spain,25-06-15,1,0
1802,Spain,26-06-15,1,0
1803,Spain,29-06-15,1,0
1804,Spain,30-06-15,1,0
1805,Spain,01-07-15,1,0
1806,Spain,02-07-15,1,0
1807,Spain,03-07-15,1,0
1808,Spain,06-07-15,1,0
1809,Spain,07-07-15,1,0
1810,Spain,08-07-15,1,0
1811,Spain,09-07-15,1,0
1812,Spain,10-07-15,1,0
1813,Spain,13-07-15,1,0
1814,Spain,14-07-15,1,0
1815,Spain,15-07-15,1,0
1816,Spain,16-07-15,1,0
1817,Spain,17-07-15,1,0
1818,Spain,20-07-15,1,0
1819,Spain,21-07-15,1,0
1820,Spain,22-07-15,1,0
1821,Spain,23-07-15,1,0
1822,Spain,24-07-15,1,0
1823,Spain,27-07-15,1,0
1824,Spain,28-07-15,1,0
1825,Spain,29-07-15,1,0
1826,Spain,30-07-15,1,0
1827,Spain,31-07-15,1,0
1828,Spain,03-08-15,1,0
1829,Spain,04-08-15,1,0
1830,Spain,05-08-15,1,0
1831,Spain,06-08-15,1,0
1832,Spain,07-08-15,1,0
1833,Spain,10-08-15,1,0
1834,Spain,11-08-15,1,0
1835,Spain,12-08-15,1,0
1836,Spain,13-08-15,1,0
1837,Spain,14-08-15,1,0
1838,Spain,17-08-15,1,0
1839,Spain,18-08-15,1,0
1840,Spain,19-08-15,1,0
1841,Spain,20-08-15,1,0
1842,Spain,21-08-15,1,0
1843,Spain,24-08-15,1,0
1844,Spain,25-08-15,1,0
1845,Spain,26-08-15,1,0
1846,Spain,27-08-15,1,0
1847,Spain,28-08-15,1,0
1848,Spain,31-08-15,1,0
1849,Spain,01-09-15,1,0
1850,Spain,02-09-15,1,0
1851,Spain,03-09-15,1,0
1852,Spain,04-09-15,1,0
1853,Spain,07-09-15,1,0
1854,Spain,08-09-15,1,0
1855,Spain,09-09-15,1,0
1856,Spain,10-09-15,1,0
1857,Spain,11-09-15,1,0
1858,Spain,14-09-15,1,0
1859,Spain,15-09-15,1,0
1860,Spain,16-09-15,1,0
1861,Spain,17-09-15,1,0
1862,Spain,18-09-15,1,0
1863,Spain,21-09-15,1,0
1864,Spain,22-09-15,1,0
1865,Spain,23-09-15,1,0
1866,Spain,24-09-15,1,0
1867,Spain,25-09-15,1,0
1868,Spain,28-09-15,1,0
1869,Spain,29-09-15,1,0
1870,Spain,30-09-15,1,0
1871,Spain,01-10-15,1,0
1872,Spain,02-10-15,1,0
1873,Spain,05-10-15,1,0
1874,Spain,06-10-15,1,0
1875,Spain,07-10-15,1,0
1876,Spain,08-10-15,1,0
1877,Spain,09-10-15,1,0
1878,Spain,13-10-15,1,0
1879,Spain,15-10-15,1,0
1880,Spain,16-10-15,1,0
1881,Spain,20-10-15,1,0
1882,Spain,22-10-15,1,0
1883,Spain,23-10-15,1,0
1884,Spain,26-10-15,1,0
1885,Spain,27-10-15,1,0
1886,Spain,29-10-15,1,0
1887,Spain,30-10-15,1,0
1888,Spain,03-11-15,1,0
1889,Spain,05-11-15,1,0
1890,Spain,06-11-15,1,0
1891,Spain,10-11-15,1,0
1892,Spain,11-11-15,1,0
1893,Spain,12-11-15,1,0
1894,Spain,16-11-15,1,0
1895,Spain,17-11-15,1,0
1896,Spain,20-11-15,1,0
1897,Spain,24-11-15,1,0
1898,Spain,26-11-15,1,0
1899,Spain,01-12-15,1,0
1900,Spain,02-12-15,1,0
1901,Spain,03-12-15,1,0
1902,Spain,09-12-15,1,0
1903,Spain,10-12-15,1,0
1904,Spain,11-12-15,1,0
1905,Spain,15-12-15,1,0
1906,Spain,16-12-15,1,0
1907,Spain,17-12-15,1,0
1908,Spain,22-12-15,1,0
1909,Spain,23-12-15,1,0
1910,Spain,29-12-15,1,0
1911,Spain,23-03-16,1,0
1912,United Kingdom,02-01-15,1,1
1913,United Kingdom,05-01-15,1,0
1914,United Kingdom,06-01-15,1,0
1915,United Kingdom,07-01-15,1,0
1916,United Kingdom,08-01-15,1,0
1917,United Kingdom,09-01-15,1,0
1918,United Kingdom,12-01-15,1,0
1919,United Kingdom,13-01-15,1,0
1920,United Kingdom,14-01-15,1,0
1921,United Kingdom,15-01-15,1,0
1922,United Kingdom,16-01-15,1,0
1923,United Kingdom,19-01-15,1,0
1924,United Kingdom,20-01-15,1,0
1925,United Kingdom,21-01-15,1,0
1926,United Kingdom,22-01-15,1,0
1927,United Kingdom,23-01-15,1,0
1928,United Kingdom,26-01-15,1,0
1929,United Kingdom,27-01-15,1,0
1930,United Kingdom,28-01-15,1,0
1931,United Kingdom,29-01-15,1,0
1932,United Kingdom,30-01-15,1,0
1933,United Kingdom,02-02-15,1,0
1934,United Kingdom,03-02-15,1,0
1935,United Kingdom,04-02-15,1,0
1936,United Kingdom,05-02-15,1,0
1937,United Kingdom,06-02-15,1,0
1938,United Kingdom,10-02-15,1,0
1939,United Kingdom,11-02-15,1,0
1940,United Kingdom,12-02-15,1,0
1941,United Kingdom,13-02-15,1,0
1942,United Kingdom,16-02-15,1,0
1943,United Kingdom,17-02-15,1,0
1944,United Kingdom,18-02-15,1,0
1945,United Kingdom,19-02-15,1,0
1946,United Kingdom,20-02-15,1,0
1947,United Kingdom,23-02-15,1,0
1948,United Kingdom,25-02-15,1,0
1949,United Kingdom,26-02-15,1,0
1950,United Kingdom,27-02-15,1,0
1951,United Kingdom,02-03-15,1,0
1952,United Kingdom,04-03-15,1,0
1953,United Kingdom,05-03-15,1,0
1954,United Kingdom,06-03-15,1,0
1955,United Kingdom,10-03-15,1,0
1956,United Kingdom,11-03-15,1,0
1957,United Kingdom,12-03-15,1,0
1958,United Kingdom,13-03-15,1,0
1959,United Kingdom,16-03-15,1,0
1960,United Kingdom,17-03-15,1,0
1961,United Kingdom,18-03-15,1,0
1962,United Kingdom,20-03-15,1,0
1963,United Kingdom,23-03-15,1,0
1964,United Kingdom,24-03-15,1,0
1965,United Kingdom,25-03-15,1,0
1966,United Kingdom,26-03-15,1,0
1967,United Kingdom,27-03-15,1,0
1968,United Kingdom,07-04-15,1,0
1969,United Kingdom,09-04-15,1,0
1970,United Kingdom,13-04-15,1,0
1971,United Kingdom,14-04-15,1,0
1972,United Kingdom,15-04-15,1,0
1973,United Kingdom,16-04-15,1,0
1974,United Kingdom,17-04-15,1,0
1975,United Kingdom,20-04-15,1,0
1976,United Kingdom,21-04-15,1,0
1977,United Kingdom,22-04-15,1,0
1978,United Kingdom,23-04-15,1,0
1979,United Kingdom,24-04-15,1,0
1980,United Kingdom,27-04-15,1,0
1981,United Kingdom,28-04-15,1,0
1982,United Kingdom,30-04-15,1,0
1983,United Kingdom,01-05-15,1,0
1984,United Kingdom,04-05-15,1,0
1985,United Kingdom,05-05-15,1,0
1986,United Kingdom,06-05-15,1,0
1987,United Kingdom,07-05-15,1,0
1988,United Kingdom,08-05-15,1,0
1989,United Kingdom,11-05-15,1,0
1990,United Kingdom,12-05-15,1,0
1991,United Kingdom,13-05-15,1,0
1992,United Kingdom,14-05-15,1,0
1993,United Kingdom,15-05-15,1,0
1994,United Kingdom,18-05-15,1,0
1995,United Kingdom,19-05-15,1,0
1996,United Kingdom,20-05-15,1,0
1997,United Kingdom,21-05-15,1,0
1998,United Kingdom,22-05-15,1,0
1999,United Kingdom,25-05-15,1,0
2000,United Kingdom,26-05-15,1,0
2001,United Kingdom,27-05-15,1,0
2002,United Kingdom,28-05-15,1,0
2003,United Kingdom,29-05-15,1,0
2004,United Kingdom,01-06-15,1,0
2005,United Kingdom,02-06-15,1,0
2006,United Kingdom,03-06-15,1,0
2007,United Kingdom,04-06-15,1,0
2008,United Kingdom,05-06-15,1,0
2009,United Kingdom,08-06-15,1,0
2010,United Kingdom,09-06-15,1,0
2011,United Kingdom,10-06-15,1,0
2012,United Kingdom,11-06-15,1,0
2013,United Kingdom,12-06-15,1,0
2014,United Kingdom,15-06-15,1,0
2015,United Kingdom,16-06-15,1,0
2016,United Kingdom,17-06-15,1,0
2017,United Kingdom,18-06-15,1,0
2018,United Kingdom,19-06-15,1,0
2019,United Kingdom,22-06-15,1,0
2020,United Kingdom,23-06-15,1,0
2021,United Kingdom,24-06-15,1,0
2022,United Kingdom,25-06-15,1,0
2023,United Kingdom,26-06-15,1,0
2024,United Kingdom,29-06-15,1,0
2025,United Kingdom,30-06-15,1,0
2026,United Kingdom,01-07-15,1,0
2027,United Kingdom,02-07-15,1,0
2028,United Kingdom,03-07-15,1,0
2029,United Kingdom,06-07-15,1,0
2030,United Kingdom,07-07-15,1,0
2031,United Kingdom,08-07-15,1,0
2032,United Kingdom,09-07-15,1,0
2033,United Kingdom,10-07-15,1,0
2034,United Kingdom,13-07-15,1,0
2035,United Kingdom,14-07-15,1,0
2036,United Kingdom,15-07-15,1,0
2037,United Kingdom,16-07-15,1,0
2038,United Kingdom,17-07-15,1,0
2039,United Kingdom,20-07-15,1,0
2040,United Kingdom,21-07-15,1,0
2041,United Kingdom,22-07-15,1,0
2042,United Kingdom,23-07-15,1,0
2043,United Kingdom,24-07-15,1,0
2044,United Kingdom,27-07-15,1,0
2045,United Kingdom,28-07-15,1,0
2046,United Kingdom,29-07-15,1,0
2047,United Kingdom,30-07-15,1,0
2048,United Kingdom,31-07-15,1,0
2049,United Kingdom,03-08-15,1,0
2050,United Kingdom,04-08-15,1,0
2051,United Kingdom,05-08-15,1,0
2052,United Kingdom,06-08-15,1,0
2053,United Kingdom,07-08-15,1,0
2054,United Kingdom,10-08-15,1,0
2055,United Kingdom,11-08-15,1,0
2056,United Kingdom,12-08-15,1,0
2057,United Kingdom,13-08-15,1,0
2058,United Kingdom,14-08-15,1,0
2059,United Kingdom,17-08-15,1,0
2060,United Kingdom,18-08-15,1,0
2061,United Kingdom,19-08-15,1,0
2062,United Kingdom,20-08-15,1,0
2063,United Kingdom,21-08-15,1,0
2064,United Kingdom,24-08-15,1,0
2065,United Kingdom,25-08-15,1,0
2066,United Kingdom,26-08-15,1,0
2067,United Kingdom,27-08-15,1,0
2068,United Kingdom,28-08-15,1,0
2069,United Kingdom,31-08-15,1,0
2070,United Kingdom,01-09-15,1,0
2071,United Kingdom,02-09-15,1,0
2072,United Kingdom,03-09-15,1,0
2073,United Kingdom,04-09-15,1,0
2074,United Kingdom,07-09-15,1,0
2075,United Kingdom,08-09-15,1,0
2076,United Kingdom,09-09-15,1,0
2077,United Kingdom,10-09-15,1,0
2078,United Kingdom,11-09-15,1,0
2079,United Kingdom,14-09-15,1,0
2080,United Kingdom,15-09-15,1,0
2081,United Kingdom,16-09-15,1,0
2082,United Kingdom,17-09-15,1,0
2083,United Kingdom,18-09-15,1,0
2084,United Kingdom,21-09-15,1,0
2085,United Kingdom,22-09-15,1,0
2086,United Kingdom,23-09-15,1,0
2087,United Kingdom,24-09-15,1,0
2088,United Kingdom,25-09-15,1,0
2089,United Kingdom,28-09-15,1,0
2090,United Kingdom,29-09-15,1,0
2091,United Kingdom,30-09-15,1,0
2092,United Kingdom,01-10-15,1,0
2093,United Kingdom,02-10-15,1,0
2094,United Kingdom,05-10-15,1,0
2095,United Kingdom,06-10-15,1,0
2096,United Kingdom,07-10-15,1,0
2097,United Kingdom,08-10-15,1,0
2098,United Kingdom,09-10-15,1,0
2099,United Kingdom,13-10-15,1,0
2100,United Kingdom,15-10-15,1,0
2101,United Kingdom,16-10-15,1,0
2102,United Kingdom,20-10-15,1,0
2103,United Kingdom,22-10-15,1,0
2104,United Kingdom,23-10-15,1,0
2105,United Kingdom,26-10-15,1,0
2106,United Kingdom,27-10-15,1,0
2107,United Kingdom,29-10-15,1,0
2108,United Kingdom,30-10-15,1,0
2109,United Kingdom,03-11-15,1,0
2110,United Kingdom,05-11-15,1,0
2111,United Kingdom,06-11-15,1,0
2112,United Kingdom,10-11-15,1,0
2113,United Kingdom,11-11-15,1,0
2114,United Kingdom,12-11-15,1,0
2115,United Kingdom,16-11-15,1,0
2116,United Kingdom,17-11-15,1,0
2117,United Kingdom,20-11-15,1,0
2118,United Kingdom,24-11-15,1,0
2119,United Kingdom,26-11-15,1,0
2120,United Kingdom,01-12-15,1,0
2121,United Kingdom,02-12-15,1,0
2122,United Kingdom,03-12-15,1,0
2123,United Kingdom,09-12-15,1,0
2124,United Kingdom,10-12-15,1,0
2125,United Kingdom,11-12-15,1,0
2126,United Kingdom,15-12-15,1,0
2127,United Kingdom,16-12-15,1,0
2128,United Kingdom,17-12-15,1,0
2129,United Kingdom,22-12-15,1,0
2130,United Kingdom,23-12-15,1,0
2131,United Kingdom,29-12-15,1,0
2132,United Kingdom,23-03-16,1,0
2133,United States of America,03-10-14,1,1
2134,United States of America,08-10-14,1,0
2135,United States of America,10-10-14,1,0
2136,United States of America,15-10-14,2,1
2137,United States of America,17-10-14,3,1
2138,United States of America,22-10-14,3,0
2139,United States of America,25-10-14,4,1
2140,United States of America,29-10-14,4,0
2141,United States of America,31-10-14,4,0
2142,United States of America,05-11-14,4,0
2143,United States of America,07-11-14,4,0
2144,United States of America,12-11-14,4,0
2145,United States of America,14-11-14,4,0
2146,United States of America,19-11-14,4,0
2147,United States of America,21-11-14,4,0
2148,United States of America,26-11-14,4,0
2149,United States of America,01-12-14,4,0
2150,United States of America,03-12-14,4,0
2151,United States of America,10-12-14,4,0
2152,United States of America,15-12-14,4,0
2153,United States of America,17-12-14,4,0
2154,United States of America,22-12-14,4,0
2155,United States of America,23-12-14,4,0
2156,United States of America,24-12-14,4,0
2157,United States of America,26-12-14,4,0
2158,United States of America,29-12-14,4,0
2159,United States of America,30-12-14,4,0
2160,United States of America,31-12-14,4,0
2161,United States of America,02-01-15,4,0
2162,United States of America,05-01-15,4,0
2163,United States of America,06-01-15,4,0
2164,United States of America,07-01-15,4,0
2165,United States of America,14-01-15,4,0
2166,United States of America,15-01-15,4,0
2167,United States of America,16-01-15,4,0
2168,United States of America,19-01-15,4,0
2169,United States of America,20-01-15,4,0
2170,United States of America,21-01-15,4,0
2171,United States of America,22-01-15,4,0
2172,United States of America,23-01-15,4,0
2173,United States of America,26-01-15,4,0
2174,United States of America,27-01-15,4,0
2175,United States of America,28-01-15,4,0
2176,United States of America,29-01-15,4,0
2177,United States of America,30-01-15,4,0
2178,United States of America,02-02-15,4,0
2179,United States of America,03-02-15,4,0
2180,United States of America,04-02-15,4,0
2181,United States of America,05-02-15,4,0
2182,United States of America,06-02-15,4,0
2183,United States of America,10-02-15,4,0
2184,United States of America,11-02-15,4,0
2185,United States of America,12-02-15,4,0
2186,United States of America,13-02-15,4,0
2187,United States of America,16-02-15,4,0
2188,United States of America,17-02-15,4,0
2189,United States of America,18-02-15,4,0
2190,United States of America,19-02-15,4,0
2191,United States of America,20-02-15,4,0
2192,United States of America,23-02-15,4,0
2193,United States of America,25-02-15,4,0
2194,United States of America,26-02-15,4,0
2195,United States of America,27-02-15,4,0
2196,United States of America,02-03-15,4,0
2197,United States of America,04-03-15,4,0
2198,United States of America,05-03-15,4,0
2199,United States of America,06-03-15,4,0
2200,United States of America,10-03-15,4,0
2201,United States of America,11-03-15,4,0
2202,United States of America,12-03-15,4,0
2203,United States of America,13-03-15,4,0
2204,United States of America,16-03-15,4,0
2205,United States of America,17-03-15,4,0
2206,United States of America,18-03-15,4,0
2207,United States of America,20-03-15,4,0
2208,United States of America,23-03-15,4,0
2209,United States of America,24-03-15,4,0
2210,United States of America,25-03-15,4,0
2211,United States of America,26-03-15,4,0
2212,United States of America,27-03-15,4,0
2213,United States of America,07-04-15,4,0
2214,United States of America,09-04-15,4,0
2215,United States of America,13-04-15,4,0
2216,United States of America,14-04-15,4,0
2217,United States of America,15-04-15,4,0
2218,United States of America,16-04-15,4,0
2219,United States of America,17-04-15,4,0
2220,United States of America,20-04-15,4,0
2221,United States of America,21-04-15,4,0
2222,United States of America,22-04-15,4,0
2223,United States of America,23-04-15,4,0
2224,United States of America,24-04-15,4,0
2225,United States of America,27-04-15,4,0
2226,United States of America,28-04-15,4,0
2227,United States of America,30-04-15,4,0
2228,United States of America,01-05-15,4,0
2229,United States of America,04-05-15,4,0
2230,United States of America,05-05-15,4,0
2231,United States of America,06-05-15,4,0
2232,United States of America,07-05-15,4,0
2233,United States of America,08-05-15,4,0
2234,United States of America,11-05-15,4,0
2235,United States of America,12-05-15,4,0
2236,United States of America,13-05-15,4,0
2237,United States of America,14-05-15,4,0
2238,United States of America,15-05-15,4,0
2239,United States of America,18-05-15,4,0
2240,United States of America,19-05-15,4,0
2241,United States of America,20-05-15,4,0
2242,United States of America,21-05-15,4,0
2243,United States of America,22-05-15,4,0
2244,United States of America,25-05-15,4,0
2245,United States of America,26-05-15,4,0
2246,United States of America,27-05-15,4,0
2247,United States of America,28-05-15,4,0
2248,United States of America,29-05-15,4,0
2249,United States of America,01-06-15,4,0
2250,United States of America,02-06-15,4,0
2251,United States of America,03-06-15,4,0
2252,United States of America,04-06-15,4,0
2253,United States of America,05-06-15,4,0
2254,United States of America,08-06-15,4,0
2255,United States of America,09-06-15,4,0
2256,United States of America,10-06-15,4,0
2257,United States of America,11-06-15,4,0
2258,United States of America,12-06-15,4,0
2259,United States of America,15-06-15,4,0
2260,United States of America,16-06-15,4,0
2261,United States of America,17-06-15,4,0
2262,United States of America,18-06-15,4,0
2263,United States of America,19-06-15,4,0
2264,United States of America,22-06-15,4,0
2265,United States of America,23-06-15,4,0
2266,United States of America,24-06-15,4,0
2267,United States of America,25-06-15,4,0
2268,United States of America,26-06-15,4,0
2269,United States of America,29-06-15,4,0
2270,United States of America,30-06-15,4,0
2271,United States of America,01-07-15,4,0
2272,United States of America,02-07-15,4,0
2273,United States of America,03-07-15,4,0
2274,United States of America,06-07-15,4,0
2275,United States of America,07-07-15,4,0
2276,United States of America,08-07-15,4,0
2277,United States of America,09-07-15,4,0
2278,United States of America,10-07-15,4,0
2279,United States of America,13-07-15,4,0
2280,United States of America,14-07-15,4,0
2281,United States of America,15-07-15,4,0
2282,United States of America,16-07-15,4,0
2283,United States of America,17-07-15,4,0
2284,United States of America,20-07-15,4,0
2285,United States of America,21-07-15,4,0
2286,United States of America,22-07-15,4,0
2287,United States of America,23-07-15,4,0
2288,United States of America,24-07-15,4,0
2289,United States of America,27-07-15,4,0
2290,United States of America,28-07-15,4,0
2291,United States of America,29-07-15,4,0
2292,United States of America,30-07-15,4,0
2293,United States of America,31-07-15,4,0
2294,United States of America,03-08-15,4,0
2295,United States of America,04-08-15,4,0
2296,United States of America,05-08-15,4,0
2297,United States of America,06-08-15,4,0
2298,United States of America,07-08-15,4,0
2299,United States of America,10-08-15,4,0
2300,United States of America,11-08-15,4,0
2301,United States of America,12-08-15,4,0
2302,United States of America,13-08-15,4,0
2303,United States of America,14-08-15,4,0
2304,United States of America,17-08-15,4,0
2305,United States of America,18-08-15,4,0
2306,United States of America,19-08-15,4,0
2307,United States of America,20-08-15,4,0
2308,United States of America,21-08-15,4,0
2309,United States of America,24-08-15,4,0
2310,United States of America,25-08-15,4,0
2311,United States of America,26-08-15,4,0
2312,United States of America,27-08-15,4,0
2313,United States of America,28-08-15,4,0
2314,United States of America,31-08-15,4,0
2315,United States of America,01-09-15,4,0
2316,United States of America,02-09-15,4,0
2317,United States of America,03-09-15,4,0
2318,United States of America,04-09-15,4,0
2319,United States of America,07-09-15,4,0
2320,United States of America,08-09-15,4,0
2321,United States of America,09-09-15,4,0
2322,United States of America,10-09-15,4,0
2323,United States of America,11-09-15,4,0
2324,United States of America,14-09-15,4,0
2325,United States of America,15-09-15,4,0
2326,United States of America,16-09-15,4,0
2327,United States of America,17-09-15,4,0
2328,United States of America,18-09-15,4,0
2329,United States of America,21-09-15,4,0
2330,United States of America,22-09-15,4,0
2331,United States of America,23-09-15,4,0
2332,United States of America,24-09-15,4,0
2333,United States of America,25-09-15,4,0
2334,United States of America,28-09-15,4,0
2335,United States of America,29-09-15,4,0
2336,United States of America,30-09-15,4,0
2337,United States of America,01-10-15,4,0
2338,United States of America,02-10-15,4,0
2339,United States of America,05-10-15,4,0
2340,United States of America,06-10-15,4,0
2341,United States of America,07-10-15,4,0
2342,United States of America,08-10-15,4,0
2343,United States of America,09-10-15,4,0
2344,United States of America,13-10-15,4,0
2345,United States of America,15-10-15,4,0
2346,United States of America,16-10-15,4,0
2347,United States of America,20-10-15,4,0
2348,United States of America,22-10-15,4,0
2349,United States of America,23-10-15,4,0
2350,United States of America,26-10-15,4,0
2351,United States of America,27-10-15,4,0
2352,United States of America,29-10-15,4,0
2353,United States of America,30-10-15,4,0
2354,United States of America,03-11-15,4,0
2355,United States of America,05-11-15,4,0
2356,United States of America,06-11-15,4,0
2357,United States of America,10-11-15,4,0
2358,United States of America,11-11-15,4,0
2359,United States of America,12-11-15,4,0
2360,United States of America,16-11-15,4,0
2361,United States of America,17-11-15,4,0
2362,United States of America,20-11-15,4,0
2363,United States of America,24-11-15,4,0
2364,United States of America,26-11-15,4,0
2365,United States of America,01-12-15,4,0
2366,United States of America,02-12-15,4,0
2367,United States of America,03-12-15,4,0
2368,United States of America,09-12-15,4,0
2369,United States of America,10-12-15,4,0
2370,United States of America,11-12-15,4,0
2371,United States of America,15-12-15,4,0
2372,United States of America,16-12-15,4,0
2373,United States of America,17-12-15,4,0
2374,United States of America,22-12-15,4,0
2375,United States of America,23-12-15,4,0
2376,United States of America,29-12-15,4,0
2377,United States of America,23-03-16,4,0
2378,United States of America,23-03-16,4,0
2379,United States of America,06-07-15,4,0
2380,United States of America,07-07-15,4,0
2381,United States of America,08-07-15,4,0
2382,United States of America,09-07-15,4,0
2383,United States of America,10-07-15,4,0
2384,United States of America,13-07-15,4,0
2385,United States of America,14-07-15,4,0
2386,United States of America,15-07-15,4,0
2387,United States of America,16-07-15,4,0
2388,United States of America,17-07-15,4,0
2389,United States of America,20-07-15,4,0
2390,United States of America,21-07-15,4,0
2391,United States of America,22-07-15,4,0
2392,United States of America,23-07-15,4,0
2393,United States of America,24-07-15,4,0
2394,United States of America,27-07-15,4,0
2395,United States of America,28-07-15,4,0
2396,United States of America,29-07-15,4,0
2397,United States of America,30-07-15,4,0
2398,United States of America,31-07-15,4,0
2399,United States of America,03-08-15,4,0
2400,United States of America,04-08-15,4,0
2401,United States of America,05-08-15,4,0
2402,United States of America,06-08-15,4,0
2403,United States of America,07-08-15,4,0
2404,United States of America,10-08-15,4,0
2405,United States of America,11-08-15,4,0
2406,United States of America,12-08-15,4,0
2407,United States of America,13-08-15,4,0
2408,United States of America,14-08-15,4,0
2409,United States of America,17-08-15,4,0
2410,United States of America,18-08-15,4,0
2411,United States of America,19-08-15,4,0
2412,United States of America,20-08-15,4,0
2413,United States of America,21-08-15,4,0
2414,United States of America,24-08-15,4,0
2415,United States of America,25-08-15,4,0
2416,United States of America,26-08-15,4,0
2417,United States of America,27-08-15,4,0
2418,United States of America,28-08-15,4,0
2419,United States of America,31-08-15,4,0
2420,United States of America,01-09-15,4,0
2421,United States of America,02-09-15,4,0
2422,United States of America,03-09-15,4,0
2423,United States of America,04-09-15,4,0
2424,United States of America,07-09-15,4,0
2425,United States of America,08-09-15,4,0
2426,United States of America,09-09-15,4,0
2427,United States of America,10-09-15,4,0
2428,United States of America,11-09-15,4,0
2429,United States of America,14-09-15,4,0
2430,United States of America,15-09-15,4,0
2431,United States of America,16-09-15,4,0
2432,United States of America,17-09-15,4,0
2433,United States of America,18-09-15,4,0
2434,United States of America,21-09-15,4,0
2435,United States of America,22-09-15,4,0
2436,United States of America,23-09-15,4,0
2437,United States of America,24-09-15,4,0
2438,United States of America,25-09-15,4,0
2439,United States of America,28-09-15,4,0
2440,United States of America,29-09-15,4,0
2441,United States of America,30-09-15,4,0
2442,United States of America,01-10-15,4,0
2443,United States of America,02-10-15,4,0
2444,United States of America,05-10-15,4,0
2445,United States of America,06-10-15,4,0
2446,United States of America,07-10-15,4,0
2447,United States of America,08-10-15,4,0
2448,United States of America,09-10-15,4,0
2449,United States of America,13-10-15,4,0
2450,United States of America,15-10-15,4,0
2451,United States of America,16-10-15,4,0
2452,United States of America,20-10-15,4,0
2453,United States of America,22-10-15,4,0
2454,United States of America,23-10-15,4,0
2455,United States of America,26-10-15,4,0
2456,United States of America,27-10-15,4,0
2457,United States of America,29-10-15,4,0
2458,United States of America,30-10-15,4,0
2459,United States of America,03-11-15,4,0
2460,United States of America,05-11-15,4,0
2461,United States of America,06-11-15,4,0
2462,United States of America,10-11-15,4,0
2463,United States of America,11-11-15,4,0
2464,United States of America,12-11-15,4,0
2465,United States of America,16-11-15,4,0
2466,United States of America,17-11-15,4,0
2467,United States of America,20-11-15,4,0
2468,United States of America,24-11-15,4,0
2469,United States of America,26-11-15,4,0
2470,United States of America,01-12-15,4,0
2471,United States of America,02-12-15,4,0
2472,United States of America,03-12-15,4,0
2473,United States of America,09-12-15,4,0
2474,United States of America,10-12-15,4,0
2475,United States of America,11-12-15,4,0
2476,United States of America,15-12-15,4,0
2477,United States of America,16-12-15,4,0
2478,United States of America,17-12-15,4,0
2479,United States of America,22-12-15,4,0
2480,United States of America,23-12-15,4,0
2481,United States of America,29-12-15,4,0
2482,United States of America,23-03-16,4,0
2483,United States of America,23-03-16,4,0
2484,Global,29-08-14,1754,1754
2485,Global,05-09-14,2383,629
2486,Global,08-09-14,2552,169
2487,Global,12-09-14,2639,87
2488,Global,16-09-14,3017,378
2489,Global,18-09-14,3095,78
2490,Global,22-09-14,3341,246
2491,Global,24-09-14,3487,146
2492,Global,26-09-14,3626,139
2493,Global,01-10-14,3973,347
2494,Global,03-10-14,4108,135
2495,Global,08-10-14,4461,353
2496,Global,10-10-14,4655,194
2497,Global,15-10-14,5006,351
2498,Global,17-10-14,4218,162
2499,Global,22-10-14,5501,333
2500,Global,25-10-14,5692,191
2501,Global,29-10-14,7632,1940
2502,Global,31-10-14,7728,96
2503,Global,05-11-14,7991,263
2504,Global,07-11-14,8168,177
2505,Global,12-11-14,8715,547
2506,Global,14-11-14,8920,205
2507,Global,19-11-14,9427,507
2508,Global,21-11-14,9596,169
2509,Global,26-11-14,10050,454
2510,Global,01-12-14,10585,535
2511,Global,03-12-14,10740,155
2512,Global,10-12-14,11288,548
2513,Global,15-12-14,11731,443
2514,Global,17-12-14,11807,76
2515,Global,22-12-14,12351,544
2516,Global,23-12-14,12418,67
2517,Global,24-12-14,12418,0
2518,Global,26-12-14,12619,201
2519,Global,29-12-14,12850,231
2520,Global,30-12-14,12891,41
2521,Global,31-12-14,12893,2
2522,Global,02-01-15,13054,161
2523,Global,05-01-15,13184,130
2524,Global,06-01-15,13224,40
2525,Global,07-01-15,13224,0
2526,Global,08-01-15,13362,163
2527,Global,09-01-15,13383,21
2528,Global,12-01-15,13405,22
2529,Global,13-01-15,13405,0
2530,Global,14-01-15,13460,30
2531,Global,15-01-15,13484,24
2532,Global,16-01-15,13510,26
2533,Global,19-01-15,13586,76
2534,Global,20-01-15,13610,24
2535,Global,21-01-15,13610,0
2536,Global,22-01-15,13620,10
2537,Global,23-01-15,13635,15
2538,Global,26-01-15,13691,56
2539,Global,27-01-15,13708,17
2540,Global,28-01-15,13708,0
2541,Global,29-01-15,13719,11
2542,Global,30-01-15,13735,16
2543,Global,02-02-15,13806,71
2544,Global,03-02-15,13843,37
2545,Global,04-02-15,13843,0
2546,Global,05-02-15,13860,17
2547,Global,06-02-15,13888,28
2548,Global,10-02-15,13988,100
2549,Global,11-02-15,13988,0
2550,Global,12-02-15,14002,14
2551,Global,13-02-15,14028,26
2552,Global,16-02-15,14101,73
2553,Global,17-02-15,14121,20
2554,Global,18-02-15,14121,0
2555,Global,19-02-15,14140,19
2556,Global,20-02-15,14142,2
2557,Global,23-02-15,14167,25
2558,Global,25-02-15,14237,70
2559,Global,26-02-15,14275,38
2560,Global,27-02-15,14296,21
2561,Global,02-03-15,14347,51
2562,Global,04-03-15,14347,0
2563,Global,05-03-15,14399,52
2564,Global,06-03-15,14412,13
2565,Global,10-03-15,14482,70
2566,Global,11-03-15,14482,0
2567,Global,12-03-15,14547,65
2568,Global,13-03-15,14563,16
2569,Global,16-03-15,14624,61
2570,Global,17-03-15,14636,12
2571,Global,18-03-15,14636,0
2572,Global,20-03-15,14679,43
2573,Global,23-03-15,14709,30
2574,Global,24-03-15,14715,6
2575,Global,25-03-15,14715,0
2576,Global,26-03-15,14745,30
2577,Global,27-03-15,14758,13
2578,Global,07-04-15,14828,70
2579,Global,09-04-15,14835,7
2580,Global,13-04-15,14856,21
2581,Global,14-04-15,14864,8
2582,Global,15-04-15,14864,0
2583,Global,16-04-15,14874,10
2584,Global,17-04-15,14879,5
2585,Global,20-04-15,14889,10
2586,Global,21-04-15,14893,4
2587,Global,22-04-15,14895,2
2588,Global,23-04-15,14909,14
2589,Global,24-04-15,14913,4
2590,Global,27-04-15,14923,10
2591,Global,28-04-15,14928,5
2592,Global,30-04-15,14931,3
2593,Global,01-05-15,14935,4
2594,Global,04-05-15,14939,4
2595,Global,05-05-15,14946,7
2596,Global,06-05-15,14946,0
2597,Global,07-05-15,14951,5
2598,Global,08-05-15,14951,0
2599,Global,11-05-15,14954,3
2600,Global,12-05-15,14955,1
2601,Global,13-05-15,14954,-1
2602,Global,14-05-15,14969,15
2603,Global,15-05-15,14972,3
2604,Global,18-05-15,14983,11
2605,Global,19-05-15,14991,8
2606,Global,20-05-15,14991,0
2607,Global,21-05-15,14996,5
2608,Global,22-05-15,14998,2
2609,Global,25-05-15,15001,3
2610,Global,26-05-15,15003,2
2611,Global,27-05-15,15003,0
2612,Global,28-05-15,15010,7
2613,Global,29-05-15,15015,5
2614,Global,01-06-15,15023,8
2615,Global,02-06-15,15028,5
2616,Global,03-06-15,15028,0
2617,Global,04-06-15,15035,7
2618,Global,05-06-15,15037,2
2619,Global,08-06-15,15052,15
2620,Global,09-06-15,15059,7
2621,Global,10-06-15,15059,0
2622,Global,11-06-15,15066,7
2623,Global,12-06-15,15075,9
2624,Global,15-06-15,15083,8
2625,Global,16-06-15,15083,0
2626,Global,17-06-15,15079,-4
2627,Global,18-06-15,15082,3
2628,Global,19-06-15,15086,4
2629,Global,22-06-15,15096,10
2630,Global,23-06-15,15099,3
2631,Global,24-06-15,15099,0
2632,Global,25-06-15,15109,10
2633,Global,26-06-15,15113,4
2634,Global,29-06-15,15117,4
2635,Global,30-06-15,15119,2
2636,Global,01-07-15,15119,0
2637,Global,02-07-15,15130,11
2638,Global,03-07-15,15135,5
2639,Global,06-07-15,15149,10
2640,Global,07-07-15,15150,1
2641,Global,08-07-15,15150,0
2642,Global,09-07-15,15154,4
2643,Global,10-07-15,15158,4
2644,Global,13-07-15,15175,17
2645,Global,14-07-15,15177,2
2646,Global,15-07-15,15177,0
2647,Global,16-07-15,15181,4
2648,Global,17-07-15,15187,6
2649,Global,20-07-15,15203,16
2650,Global,21-07-15,15203,0
2651,Global,22-07-15,15203,0
2652,Global,23-07-15,15207,4
2653,Global,24-07-15,15207,0
2654,Global,27-07-15,15208,1
2655,Global,28-07-15,15209,1
2656,Global,29-07-15,15209,0
2657,Global,30-07-15,15209,0
2658,Global,31-07-15,15209,0
2659,Global,03-08-15,15211,2
2660,Global,04-08-15,15211,0
2661,Global,05-08-15,15211,0
2662,Global,06-08-15,15214,3
2663,Global,07-08-15,15214,0
2664,Global,10-08-15,15215,1
2665,Global,11-08-15,15215,0
2666,Global,12-08-15,15215,0
2667,Global,13-08-15,15216,1
2668,Global,14-08-15,15216,0
2669,Global,17-08-15,15218,2
2670,Global,18-08-15,15218,0
2671,Global,19-08-15,15218,0
2672,Global,20-08-15,15220,2
2673,Global,21-08-15,15220,0
2674,Global,24-08-15,15220,0
2675,Global,25-08-15,15221,1
2676,Global,26-08-15,15221,0
2677,Global,27-08-15,15222,1
2678,Global,28-08-15,15222,0
2679,Global,31-08-15,15224,2
2680,Global,01-09-15,15224,0
2681,Global,02-09-15,15224,0
2682,Global,03-09-15,15225,1
2683,Global,04-09-15,15225,0
2684,Global,07-09-15,15226,1
2685,Global,08-09-15,15226,0
2686,Global,09-09-15,15226,0
2687,Global,10-09-15,15229,3
2688,Global,11-09-15,15230,1
2689,Global,14-09-15,15230,0
2690,Global,15-09-15,15231,1
2691,Global,16-09-15,15231,0
2692,Global,17-09-15,15231,0
2693,Global,18-09-15,15232,1
2694,Global,21-09-15,15233,1
2695,Global,22-09-15,15233,0
2696,Global,23-09-15,15233,0
2697,Global,24-09-15,15233,0
2698,Global,25-09-15,15233,0
2699,Global,28-09-15,15235,2
2700,Global,29-09-15,15237,2
2701,Global,30-09-15,15237,0
2702,Global,01-10-15,15237,0
2703,Global,02-10-15,15237,0
2704,Global,05-10-15,15237,0
2705,Global,06-10-15,15237,0
2706,Global,07-10-15,15237,0
2707,Global,08-10-15,15237,0
2708,Global,09-10-15,15237,0
2709,Global,13-10-15,15237,0
2710,Global,15-10-15,15238,1
2711,Global,16-10-15,15239,1
2712,Global,20-10-15,15240,1
2713,Global,22-10-15,15240,0
2714,Global,23-10-15,15240,0
2715,Global,26-10-15,15243,3
2716,Global,27-10-15,15243,0
2717,Global,29-10-15,15243,0
2718,Global,30-10-15,15243,0
2719,Global,03-11-15,15244,1
2720,Global,05-11-15,15244,0
2721,Global,06-11-15,15244,0
2722,Global,10-11-15,15244,0
2723,Global,11-11-15,15244,0
2724,Global,12-11-15,15244,0
2725,Global,16-11-15,15244,0
2726,Global,17-11-15,15244,0
2727,Global,20-11-15,15244,0
2728,Global,24-11-15,15244,0
2729,Global,26-11-15,15244,0
2730,Global,01-12-15,15244,0
2731,Global,02-12-15,15244,0
2732,Global,03-12-15,15244,0
2733,Global,09-12-15,15244,0
2734,Global,10-12-15,15244,0
2735,Global,11-12-15,15244,0
2736,Global,15-12-15,15244,0
2737,Global,16-12-15,15244,0
2738,Global,17-12-15,15244,0
2739,Global,22-12-15,15244,0
2740,Global,23-12-15,15244,0
2741,Global,29-12-15,15244,0
2742,Global,23-03-16,15252,0
